"HOME | CONTACT US | SITEMAP
STAY CONNECTED
Our Offerings
About CRISIL
Downloads
Investors
Media
Careers
Ratings| SME Ratings| Global Research & Analytics: (Irevna, Coalition)| India Research| Capital Markets Research| Infrastructure Advisory| Risk Solutions| Executive Training
Our Offerings







Ratings Lists
Credit Ratings List
Bank Loan Ratings (Basel II) List
SME Ratings List
NSIC Ratings List
Real Estate Ratings List
Other Ratings List
Rating Rationales
Rating / Grading Scale
Rating Process
Ratings Publications
Credit Rating FAQs
Advanced Search
+1800-267-1301
crisilratingdesk@crisil.com
Highlighted Policies
  Home >> Ratings >> Rating Lists >> Credit Rating List
Credit Rating List - CRISIL
CRISIL Ratings Outstanding as of 9th May 2016
Legends

A | B | C | D | E | F | G | H | I | J | K | L | M | N | O | P | Q | R | S | T | U | V | W | X | Y | Z |
Company Name Industry Instrument Rating Outlook
J - Marks Exim India Private Limited Trading Companies & Distributors Cash Credit Limit #
Term Loan Facilities #
J AND J Precision Industries Computers & Peripherals Cash Credit Limit CRISIL B- Stable
J AND S Construction Construction & Engineering Cash Credit Limit CRISIL B Stable
Proposed Long-Term Bank Facility CRISIL B Stable
Bank Guarantee limit CRISIL A4
J B Chemicals And Pharmaceuticals Limited Pharmaceuticals Cash Credit Limit CRISIL AA Stable
Letter of Credit Limit CRISIL A1+
J B Publishing House Private Limited Media Proposed Long-Term Bank Facility CRISIL BB- Stable
Cash Credit Limit CRISIL BB- Stable
Long Term Bank Loan CRISIL BB- Stable
J D Ispat Private Limited Metals & Mining Cash Credit Limit #
Term Loan Facilities #
Letter of Credit Limit #
J G Foundry Limited Metals & Mining Cash Credit Limit CRISIL B+ Stable
J H V Sugar Limited Food Products Cash Credit Limit #
J Hotels Private Limited Hotels Restaurants & Leisure Long Term Bank Loan #
Cash Credit Limit #
J J Buildtech Real Estate Development Term Loan Facilities CRISIL BB Stable
J J Exports Trading Companies & Distributors Cash Credit Limit CRISIL BB Stable
Foreign Letter of Credit CRISIL A4+
J J Poly Impex Private Limited Distributors Letter of Credit (LC) #
J J Realtech Private Limited Real Estate Development Term Loan Facilities CRISIL BB+ Stable
J Korin Spinning Private Limited Textiles- Apparel & Luxury Goods Cash Credit Limit CRISIL BB Stable
Long Term Bank Loan CRISIL BB Stable
Proposed Long-Term Bank Facility CRISIL BB Stable
Standby Line Of Credit CRISIL A4+
Bank Guarantee limit CRISIL A4+
J M Mhatre Constructions Private Limited Real Estate Development Proposed Long-Term Bank Facility CRISIL B Stable
J N S L Ferro Alloys Distributors Proposed Long-Term Bank Facility CRISIL B+ Stable
Cash Credit Limit CRISIL B+ Stable
Term Loan Facilities CRISIL B+ Stable
J P Dyechem Private Limited Chemicals Cash Credit Limit #
Letter of Credit Limit #
J P Infra Mumbai Private Limited Real Estate Development Term Loan Facilities #
Proposed Long-Term Bank Facility #
J Pan Tubular Components Private Limited Electrical Equipment Cash Credit Limit #
Term Loan Facilities #
Foreign Letter of Credit #
Bank Guarantee limit #
Packing Credits #
J R Strips Private Limited Metals & Mining Proposed Long-Term Bank Facility #
Cash Credit Limit #
Term Loan Facilities #
Bank Guarantee limit #
Letter of Credit Limit #
J R Tantia Charitable Trust Diversified Consumer Services Term Loan Facilities CRISIL BB+ Stable
Overdraft Facility CRISIL A4+
J S Designer Limited Textiles- Apparel & Luxury Goods Term Loan Facilities #
Letter of Credit Limit #
Export Packing Credit limits #
Letter Of Guarantee #
Foreign Bill Discounting #
J S Exim Private Limited Real Estate Development Term Loan Facilities CRISIL BB- Stable
J T L Infra Limited Machinery Cash Credit Limit CRISIL BB+ Stable
Packing Credit in Foreign Currency CRISIL A4+
J Thomas and Co Private Limited Distributors Cash Credit Limit CRISIL BBB+ Stable
J V Commodity Private Limited Broking Company Bank Guarantee limit CRISIL A4
J and B Engineering and Construction Company Construction & Engineering Proposed Long-Term Bank Facility CRISIL B- Stable
Cash Credit Limit CRISIL B- Stable
J and K Aluminium Company Metals & Mining Term Loan Facilities #
Cash Credit Limit #
Letter of Credit Limit #
J-Marks Lifestyles Private Limited Textiles- Apparel & Luxury Goods Cash Credit Limit #
Term Loan Facilities #
Proposed Short Term Bank Facility #
J. B and Brothers Private Limited Textiles- Apparel & Luxury Goods Packing Credit CRISIL A- Positive
Post Shipment Credits CRISIL A- Positive
Proposed Long-Term Bank Facility CRISIL A- Positive
Packing Credits CRISIL A2+
J. B. Cotton Industries Engineering & Capital Goods Proposed Long-Term Bank Facility CRISIL BB- Stable
Cash Credit Limit CRISIL BB- Stable
J. B. Daruka Papers Limited Paper & Forest Products Term Loan Facilities #
Cash Credit Limit #
J. D. Industries Food Products Term Loan Facilities #
Cash Credit Limit #
Proposed Long-Term Bank Facility #
Bank Guarantee limit #
J. Gala Enterprises Real Estate Development Over Draft CRISIL BB Stable
J. J. House Private Limited Distributors Proposed Long-Term Bank Facility #
Cash Credit Limit #
J. J. Solvex Private Limited Food Products Warehouse Financing #
Cash Credit Limit #
J. K. Developers Real Estate Development Proposed Term Loan CRISIL B+ Stable
J. K. Engicons PRIVATE LIMITED Construction & Engineering Term Loan Facilities CRISIL BB- Stable
Cash Credit Limit CRISIL BB- Stable
Bank Guarantee limit CRISIL A4+
J. K. Fenner India Limited Machinery Proposed Long-Term Bank Facility CRISIL A Positive
Cash Credit Limit CRISIL A Positive
Term Loan Facilities CRISIL A Positive
Working Capital Demand Loan CRISIL A Positive
Non Convertible Debenture CRISIL A Positive
Fixed Deposit FA+ Positive
Letter of Credit Limit CRISIL A1
Packing Credits CRISIL A1
Bank Guarantee limit CRISIL A1
J. K. Logistics Air Freight & Logistics Proposed Long-Term Bank Facility #
Cash Credit Limit #
Letter Of Guarantee #
J. K. Rice Mills Food Products Working Capital Demand Loan CRISIL B Stable
Cash Credit Limit CRISIL B Stable
J. K. Sons Engineers Private Limited Containers & Packaging Rupee Term Loans #
Cash Credit Limit #
Bank Guarantee limit #
Letter of Credit Limit #
J. Kamakshi Real Estate Development Term Loan Facilities #
J. Kirit and Brothers Distributors Letter of Credit Limit CRISIL A4+
J. M. D. Industries Containers & Packaging Working Capital Facility CRISIL B Stable
Term Loan Facilities CRISIL B Stable
J. M. Feed Mills Private Limited Food Products Cash Credit Limit CRISIL D
J. M. Financial and Investment Consultancy Services Private Limited Broking Company Short Term Debt CRISIL A1+
J. M. Mhatre Infra Private Limited Construction & Engineering Standby Fund-Based Limits CRISIL B+ Stable
Proposed Long-Term Bank Facility CRISIL B+ Stable
Cash Credit Limit CRISIL B+ Stable
Bank Guarantee limit CRISIL A4
J. Maheshkumar Petrochemicals Private Limited Distributors Over Draft CRISIL BBB Stable
Proposed Long-Term Bank Facility CRISIL BBB Stable
Cash Credit Limit CRISIL BBB Stable
Channel Financing (LT) CRISIL BBB Stable
Bill Discounting under Letter of Credit CRISIL A3+
Bank Guarantee limit CRISIL A3+
J. N. Tayal Steels Private Limited Metals & Mining Proposed Long-Term Bank Facility #
Term Loan Facilities #
Cash Credit Limit #
Letter of Credit Limit #
J. N. Traders Distributors Cash Credit Limit CRISIL B Stable
Proposed Long-Term Bank Facility CRISIL B Stable
J. P. Industries Food Products Cash Credit Limit CRISIL B+ Stable
J. Poonamchand and Sons Trading Companies & Distributors Stand by Line of Credit CRISIL BBB Stable
Cash Credit Limit CRISIL BBB Stable
Letter of Credit (LC) CRISIL BBB Stable
Proposed Long-Term Bank Facility CRISIL BBB Stable
J. R. Agritech Pvt Ltd Commercial Services & Supplies Cash Credit Limit #
Term Loan Facilities #
J. R. Agrotech Private Limited Food Products Cash Credit Limit CRISIL BB+ Stable
Proposed Cash Credit Limit CRISIL BB+ Stable
Proposed Long-Term Bank Facility CRISIL BB+ Stable
Term Loan Facilities CRISIL BB+ Stable
Warehouse Receipts(ST) CRISIL A4+
Foreign Exchange Forwards CRISIL A4+
Proposed Short Term Bank Facility CRISIL A4+
J. R. Textiles Textiles- Apparel & Luxury Goods Term Loan Facilities CRISIL BB- Stable
Proposed Long-Term Bank Facility CRISIL BB- Stable
Cash Credit Limit CRISIL BB- Stable
J. Ramachandraiah Real Estate Development Long Term Bank Loan #
J. S. Auto Private Limited Automobiles Term Loan Facilities CRISIL BB Stable
Proposed Long-Term Bank Facility CRISIL BB Stable
Stand by Line of Credit CRISIL BB Stable
Cash Credit Limit CRISIL BB Stable
Letter of Credit Limit CRISIL A4+
J. S. Bedi Agro Industries Food Products Term Loan Facilities CRISIL B Stable
Warehouse Financing CRISIL B Stable
Cash Credit Limit CRISIL B Stable
Proposed Long-Term Bank Facility CRISIL B Stable
J. S. Fourwheel Motors Private Limited Specialty Retail Proposed Long-Term Bank Facility CRISIL BBB+ Stable
Rupee Term Loans CRISIL BBB+ Stable
Cash Credit Limit CRISIL BBB+ Stable
J. S. K Steels Private Limited Metals & Mining Cash Credit Limit #
Rupee Term Loans #
Proposed Long-Term Bank Facility #
Letter of Credit Limit #
Bank Guarantee limit #
J. Sons Merchant Navy Institute Others Maritime Grade CRISIL Grade 3
J. Y. International Household Durables Proposed Long-Term Bank Facility #
Term Loan Facilities #
Cash Credit Limit #
Post Shipment Credit #
J.A. Foods Food Products Cash Credit Limit CRISIL B+ Stable
Proposed Long-Term Bank Facility CRISIL B+ Stable
Working Capital Demand Loan CRISIL B+ Stable
Long Term Bank Loan CRISIL B+ Stable
J.B. Oil Industries Food Products Cash Credit Limit CRISIL B Stable
Term Loan Facilities CRISIL B Stable
J.B. Syntex Private Limited Textiles- Apparel & Luxury Goods Cash Credit Limit CRISIL BB+ Positive
Rupee Term Loans CRISIL BB+ Positive
Proposed Long-Term Bank Facility CRISIL BB+ Positive
Bank Guarantee limit CRISIL A4+
Letter of Credit Limit CRISIL A4+
J.B.A. Steels Metals & Mining Long Term Bank Loan #
Cash Credit Limit #
Letter of Credit Limit #
Bank Guarantee limit #
Bill Purchase-Discounting Facility #
J.C. Brothers Jewellers Textiles- Apparel & Luxury Goods Cash Credit Limit CRISIL BB+ Stable
Proposed Cash Credit Limit CRISIL BB+ Stable
J.C. Brothers Retail Private Limited Specialty Retail Cash Credit Limit #
Term Loan Facilities #
J.C.Brothers Projects Private Limited Construction & Engineering Cash Credit Limit #
Bank Guarantee limit #
J.D. Industries India Limited Machinery Stand by Line of Credit #
Term Loan Facilities #
Cash Credit Limit #
Letter of Credit and Bank Guarantee #
J.D. Philomin Palaster Dhas Construction & Engineering Cash Credit Limit CRISIL B+ Stable
Bank Guarantee limit CRISIL A4
J.G. Agro Foods Food Products Cash Credit Limit CRISIL D
Warehouse Receipts CRISIL D
Term Loan Facilities CRISIL D
Proposed Cash Credit Limit CRISIL D
J.G.Spinning Mills Private Limited Textiles- Apparel & Luxury Goods Cash Credit Limit #
Long Term Bank Loan #
Bank Guarantee limit #
J.H.V. Steels Limited Metals & Mining Term Loan Facilities #
Cash Credit Limit #
J.J. Plastalloy Private Limited Chemicals Proposed Long-Term Bank Facility CRISIL BB- Stable
Cash Credit Limit CRISIL BB- Stable
Term Loan Facilities CRISIL BB- Stable
Letter of Credit Limit CRISIL A4+
Bank Guarantee limit CRISIL A4+
J.J. Polyplast Private Limited Distributors Letter of Credit Limit #
J.K. Agro Food Industries Food Products Long Term Bank Loan CRISIL B- Stable
Cash Credit Limit CRISIL B- Stable
J.K. Associates Trading Companies & Distributors Cash Credit Limit #
Letter of Credit Limit #
Bill Discounting Facility #
Bank Guarantee limit #
J.K. Fisheries Food Products Cash Credit Limit CRISIL B+ Stable
Proposed Cash Credit Limit CRISIL B+ Stable
Bill Discounting under Letter of Credit CRISIL A4
J.K. Industries Food Products Cash Credit Limit #
J.K. Pulse Manufacturer Private Limited Distributors Buyers Credit CRISIL BB- Stable
Cash Credit Limit CRISIL BB- Stable
J.K.J. and Sons Endeavour Private Limited Textiles- Apparel & Luxury Goods Cash Credit Limit #
J.M. International Distributors Cash Credit Limit #
Buyers Credit Limit #
J.M. Laboratories Pharmaceuticals Long Term Bank Loan CRISIL B+ Stable
Proposed Long-Term Bank Facility CRISIL B+ Stable
Cash Credit Limit CRISIL B+ Stable
J.M.A.Stores Limited Machinery Cash Credit Limit #
Proposed Long-Term Bank Facility #
Bank Guarantee limit #
J.M.D. Corporation Of India Limited Distributors Cash Credit Limit CRISIL B Stable
Proposed Long-Term Bank Facility CRISIL B Stable
J.M.D. Laxmi Enterprises Trading Companies & Distributors Proposed Long-Term Bank Facility CRISIL B- Stable
Cash Credit Limit CRISIL B- Stable
J.M.L. Marketings Private Limited Distributors Term Loan Facilities #
Cash Credit Limit #
Bank Guarantee limit #
J.N. Sons Distributors Cash Credit Limit #
J.P Engineers Distributors Over Draft #
Letter of Credit Limit #
J.P. Logistics Distributors Cash Credit Limit CRISIL B- Stable
Letter of Credit Bill Discounting CRISIL A4
J.P.G. Constructions Private Limited Construction & Engineering Proposed Long-Term Bank Facility CRISIL BB Stable
Cash Credit Limit CRISIL BB Stable
Bank Guarantee limit CRISIL A4+
J.P.P. MillsPrivate Limited Textiles- Apparel & Luxury Goods Cash Credit Limit CRISIL BBB- Stable
Corporate Loan CRISIL BBB- Stable
Proposed Long-Term Bank Facility CRISIL BBB- Stable
Stand by Line of Credit CRISIL BBB- Stable
Long Term Bank Loan CRISIL BBB- Stable
Letter of Credit Limit CRISIL A3
J.R. Roto Impressions Private Limited Containers & Packaging Proposed Long-Term Bank Facility #
Cash Credit Limit #
Long Term Bank Loan #
J.R.D. International Limited Food Products Cash Credit Limit CRISIL BB Stable
Warehouse Receipts CRISIL BB Stable
Term Loan Facilities CRISIL BB Stable
Proposed Short Term Bank Facility CRISIL A4+
J.R.P. Exports Textiles- Apparel & Luxury Goods Export Packing Credit CRISIL BB- Stable
Proposed Long-Term Bank Facility CRISIL BB- Stable
J.S. Industries Machinery Proposed Long-Term Bank Facility #
Term Loan Facilities #
Cash Credit Limit #
J.S.S. Steelitalia Limited Metals & Mining Proposed Long-Term Bank Facility CRISIL BB- Stable
Cash Credit Limit CRISIL BB- Stable
Letter of Credit and Bank Guarantee CRISIL A4+
J.S.V Motors and Constructions Private Limited Specialty Retail Proposed Long-Term Bank Facility CRISIL B+ Stable
Term Loan Facilities CRISIL B+ Stable
Inventory Funding CRISIL B+ Stable
Overdraft Facility CRISIL A4
J.V. Strips Limited Metals & Mining Term Loan Facilities #
Proposed Long-Term Bank Facility #
Cash Credit Limit #
Letter of Credit Limit #
JAS Equipment AND Engineers Private Limited Metals & Mining Cash Credit Limit CRISIL B+ Stable
JB Aluminium Extrusion Metals & Mining Long Term Bank Loan #
Cash Credit Limit #
Letter of Credit Limit #
JB Rolling Mills Limited Metals & Mining Proposed Long-Term Bank Facility CRISIL BB+ Stable
Cash Credit Limit CRISIL BB+ Stable
JBL Buildcon Co Real Estate Development Proposed Long-Term Bank Facility #
Term Loan Facilities #
JBM Auto System Private Limited Auto Components Proposed Long-Term Bank Facility CRISIL BBB+ Stable
Long-Term Bank Facility CRISIL BBB+ Stable
Cash Credit Limit CRISIL BBB+ Stable
Non-Fund Based Limit CRISIL A2
Bill Discounting Facility CRISIL A2
JBS Engineering Works Auto Components Cash Credit Limit CRISIL D
Term Loan Facilities CRISIL D
JBS Enterprises Private Limited Electrical Equipment Cash Credit Limit CRISIL BB Stable
Bank Guarantee limit CRISIL A4+
JC Construction Private Limited Real Estate Development Cash Credit Limit #
Bank Guarantee limit #
JC Retail India Private Limited Specialty Retail Cash Credit Limit CRISIL BBB Stable
Term Loan Facilities CRISIL BBB Stable
Proposed Long-Term Bank Facility CRISIL BBB Stable
JCBL Limited Automobiles Rupee Term Loans CRISIL B- Stable
Proposed Long-Term Bank Facility CRISIL B- Stable
Corporate Loan CRISIL B- Stable
Cash Credit Limit CRISIL B- Stable
Inland/Import Letter of Credit CRISIL A4
Bank Guarantee limit CRISIL A4
JCO Gas Pipes Limited Machinery Term Loan Facilities #
Cash Credit Limit #
Letter of Credit and Bank Guarantee #
JDC India Limited Food Products Term Loan Facilities CRISIL B Stable
Proposed Long-Term Bank Facility CRISIL B Stable
Cash Credit Limit CRISIL B Stable
Bank Guarantee limit CRISIL A4
JDC Traders Limited Distributors Proposed Long-Term Bank Facility CRISIL BB- Stable
Cash Credit Limit CRISIL BB- Stable
JDS Apparels Limited Specialty Retail Proposed Long-Term Bank Facility #
Term Loan Facilities #
Cash Credit Limit #
JDS Foundation Diversified Consumer Services Proposed Long-Term Bank Facility CRISIL B Stable
Term Loan Facilities CRISIL B Stable
JITM Trust (Centurion University of Technology and Management) Diversified Consumer Services Term Loan Facilities CRISIL BB Stable
Over Draft CRISIL BB Stable
JJ Institute of Medical Sciences Pvt. Ltd. Health Care Providers & Services Cash Credit Limit #
Proposed Long-Term Bank Facility #
Term Loan Facilities #
JJ PV Solar Private Limited Electronic Equipment Instruments & Components Cash Credit Limit CRISIL B+ Stable
Term Loan Facilities CRISIL B+ Stable
JK Pharmaceuticals Limited Others Non Convertible Debenture @
JK Surface Coatings Private Limited Building Products Proposed Long-Term Bank Facility CRISIL B- Stable
Rupee Term Loans CRISIL B- Stable
Over Draft CRISIL B- Stable
Bank Guarantee limit CRISIL A4
JK Timber Impex Private Limited Paper & Forest Products Cash Credit Limit #
Letter of Credit Limit #
JK Udaipur Udyog Limited Others Non Convertible Debenture @
JKAK Industries Private Limited Food Products Term Loan Facilities CRISIL B Stable
Cash Credit Limit CRISIL B Stable
JKC General Trading Co. Trading Companies & Distributors Cash Credit Limit CRISIL BB Stable
Buyers Credit CRISIL BB Stable
Warehouse Receipts CRISIL BB Stable
JKM Infra Projects Limited Construction & Engineering Cash Credit Limit #
Proposed Bank Guarantee ? Long-Term #
Proposed Cash Credit Limit #
Bank Guarantee limit #
Proposed Short Term Bank Facility #
JKR Sona Mandi Jewellers Private Limited Textiles- Apparel & Luxury Goods Cash Credit Limit CRISIL B Stable
JKS Cotton (AP) Private Limited Textiles- Apparel & Luxury Goods Cash Credit Limit #
SME Credits #
Long Term Bank Loan #
Proposed Long-Term Bank Facility #
JLC Electromet Private Limited Metals & Mining Cash Credit Limit CRISIL A- Stable
Export Packing Credit limits CRISIL A1
Letter of Credit Limit CRISIL A1
Credit Limit Under Gold Card (ST) CRISIL A1
Bank Guarantee limit CRISIL A1
JLDM Textiles Industries Private Limited Distributors Proposed Cash Credit Limit #
Cash Credit Limit #
JM Financial Asset Reconstruction Company Private Limited Financial Institutions Non Convertible Debenture CRISIL A+ Positive
Over Draft CRISIL A+ Positive
Cash Credit Limit CRISIL A+ Positive
Commercial Paper CRISIL A1+
JM Financial Credit Solutions Limited Non Banking Financial Company Proposed Long-Term Bank Facility CRISIL AA Stable
Non Convertible Debenture CRISIL AA Stable
Long Term Bank Loan CRISIL AA Stable
Cash Credit Limit CRISIL AA Stable
Commercial Paper CRISIL A1+
JM Financial Institutional Securities Limited Broking Company Commercial Paper CRISIL A1+
JM Financial Limited Non Banking Financial Company Commercial Paper CRISIL A1+
JM Financial Products Limited Non Banking Financial Company Long-Term Bank Facility CRISIL AA Stable
Cash Credit Limit CRISIL AA Stable
Non Convertible Debenture CRISIL AA Stable
Proposed Long-Term Bank Facility CRISIL AA Stable
Commercial Paper Issue(ST) CRISIL A1+
Commercial Paper CRISIL A1+
JM Financial Services Limited Broking Company Over Draft CRISIL AA Stable
Commercial Paper CRISIL A1+
Bank Guarantee limit CRISIL A1+
Proposed Short Term Bank Facility CRISIL A1+
JM Frictech India Private Limited Auto Components Cash Credit Limit CRISIL BBB- Positive
Term Loan Facilities CRISIL BBB- Positive
Proposed Long-Term Bank Facility CRISIL BBB- Positive
Working Capital Term Loan CRISIL BBB- Positive
Bill Discounting Facility CRISIL A3
JM High Liquidity Fund Asset Management Company Credit Quality Ratings CRISIL AAAmfs
JM Money Manager Fund - Super Plan Asset Management Company Credit Quality Ratings CRISIL AAAmfs
JM Money Manager Fund - Super Plus Plan Asset Management Company Credit Quality Ratings CRISIL AAAmfs
JMC Automotive Components Pvt. Ltd. Auto Components Term Loan Facilities CRISIL D
Cash Credit Limit CRISIL D
JMC Constructions Private Limited Construction & Engineering Over Draft #
Cash Credit Limit #
Bank Guarantee limit #
JMD Chain Stores Limited Specialty Retail Cash Credit Limit #
Term Loan Facilities #
Stand by Line of Credit #
Letter of Credit Limit #
JMD Energy Independent Power Producers & Energy Traders Term Loan Facilities CRISIL B- Stable
JMD Footwears Textiles- Apparel & Luxury Goods Cash Credit Limit CRISIL BB- Stable
JMD Mega And Infrastructures Limited Construction & Engineering Cash Credit Limit #
JMJ Industries Private Limited Textiles- Apparel & Luxury Goods Cash Credit Limit #
Term Loan Facilities #
Letter of Credit Limit #
JMK Auto Private Limited Specialty Retail Proposed Long-Term Bank Facility CRISIL BB- Stable
Cash Credit Limit CRISIL BB- Stable
JMK Enterprises Private Limited Textiles- Apparel & Luxury Goods Long Term Bank Loan CRISIL B+ Stable
Channel Financing (LT) CRISIL B+ Stable
Proposed Long-Term Bank Facility CRISIL B+ Stable
Cash Credit Limit CRISIL B+ Stable
JMK Motors Private Limited Specialty Retail Channel Financing (LT) CRISIL BB- Stable
Cash Credit Limit CRISIL BB- Stable
Proposed Long-Term Bank Facility CRISIL BB- Stable
Overdraft Facility CRISIL A4+
JMK Motowheels Private Limited Specialty Retail Cash Credit Limit CRISIL B Stable
Channel Financing (LT) CRISIL B Stable
Proposed Long-Term Bank Facility CRISIL B Stable
JMM Infra Projects Private Limited Transportation Infrastructure Proposed Long-Term Bank Facility CRISIL BBB- Stable
Term Loan Facilities CRISIL BBB- Stable
JMP Industry Private Limited Food Products Cash Credit Limit #
Term Loan Facilities #
JMP Securities Private Limited Broking Company Bank Guarantee limit CRISIL A4+
JMR Infotech India Private Limited IT Services Proposed Long-Term Bank Facility CRISIL BB- Stable
Term Loan Facilities CRISIL BB- Stable
Over Draft CRISIL BB- Stable
Cash Credit Limit CRISIL BB- Stable
Bank Guarantee limit CRISIL A4+
JMT Auto Limited Auto Components Term Loan Facilities CRISIL BB+
Cash Credit Limit CRISIL BB+
Rupee Term Loans CRISIL BB+
Working Capital Term Loan CRISIL BB+
Letter of Credit Limit CRISIL A4+
Bill Discounting Facility CRISIL A4+
Bank Guarantee limit CRISIL A4+
JMV Ispat Private Limited Metals & Mining Cash Term Loan CRISIL B Stable
Proposed Long-Term Bank Facility CRISIL B Stable
Cash Credit Limit CRISIL B Stable
JMW India Private Limited Electrical Equipment Term Loan Facilities #
Cash Credit Limit #
Letter of Credit and Bank Guarantee #
Bank Guarantee limit #
Letter of Credit Limit #
JNB Steel Industries Private Limited Metals & Mining Term Loan Facilities CRISIL BB+ Stable
Cash Credit Limit CRISIL BB+ Stable
Proposed Short Term Bank Facility CRISIL A4+
JNP Products Pharmaceuticals Cash Credit Limit CRISIL BBB Stable
Term Loan Facilities CRISIL BBB Stable
Bank Guarantee limit CRISIL A3+
Letter of Credit Limit CRISIL A3+
JNS Instruments Limited Auto Components Bill Discounting CRISIL BBB- Stable
Buyers Credit CRISIL BBB- Stable
Proposed Long-Term Bank Facility CRISIL BBB- Stable
Term Loan Facilities CRISIL BBB- Stable
Cash Credit Limit CRISIL BBB- Stable
Letter of Credit Limit CRISIL A3
JNV Vira Engineering Private Limited Machinery Term Loan Facilities CRISIL B- Stable
Cash Credit Limit CRISIL B- Stable
Bank Guarantee limit CRISIL A4
JP Developers Real Estate Development Term Loan Facilities CRISIL BB- Stable
JP International Distributors Proposed Long-Term Bank Facility CRISIL BB- Stable
Bill Purchase-Discounting Facility CRISIL A4+
JP Morgan Securities India Private Limited Broking Company Non Convertible Debenture CRISIL AA+ Stable
JP Structures Private Limited Construction & Engineering Cash Credit Limit CRISIL BBB Stable
Bank Guarantee limit CRISIL A3+
JPC Infra Private Limited Real Estate Development Term Loan Facilities #
Proposed Long-Term Bank Facility #
JPK Educational Trust Diversified Consumer Services Long Term Bank Loan CRISIL BB- Stable
Secured Overdraft Facility CRISIL BB- Stable
JPM Exports Private Limited Textiles- Apparel & Luxury Goods Proposed Long-Term Bank Facility CRISIL BB Stable
Packing Credits CRISIL A4+
Bill Discounting Facility CRISIL A4+
JPMorgan India Active Bond Fund Asset Management Company Credit Quality Ratings CRISIL AAAmfs
JPMorgan India Liquid Fund Asset Management Company Credit Quality Ratings CRISIL AAAmfs
JPV Realtors Private Limited Real Estate Development Term Loan Facilities CRISIL B+ Stable
Proposed Long-Term Bank Facility CRISIL B+ Stable
JR Fibreglass Industries Private Limited Electronic Equipment Instruments & Components Cash Credit Limit CRISIL B+ Stable
Bank Guarantee limit CRISIL A4
Letter of Credit Limit CRISIL A4
JR Metal Chennai Limited Metals & Mining Cash Credit Limit #
Long Term Bank Loan #
Packing Credits #
Foreign Bill Purchase Limit #
Letter of Credit Limit #
JR Seamless Private Limited Distributors Cash Credit Limit #
Long Term Bank Loan #
JRB Breeders Private Limited Food Products Cash Credit Limit #
Long Term Bank Loan #
JRM Foods Private Limited Food Products Cash Credit Limit CRISIL BB+ Stable
Term Loan Facilities CRISIL BB+ Stable
JRP Infra Limited Construction & Engineering Cash Credit Limit #
Bank Guarantee #
Proposed Long-Term Bank Facility #
Term Loan Facilities #
JS Auto Cast Foundry India Private Limited Auto Components Long Term Bank Loan CRISIL BB+ Stable
Cash Credit Limit CRISIL BB+ Stable
Foreign Bill Discounting Limit CRISIL BB+ Stable
JSK Metalex Private Limited Machinery Rupee Term Loans #
JSL Industries Limited Machinery Term Loan Facilities CRISIL BBB- Stable
Cash Credit Limit CRISIL BBB- Stable
Bank Guarantee limit CRISIL A3
Letter of Credit Limit CRISIL A3
JSL Ispat Private Limited Distributors Cash Credit Limit #
JSM Proteins Private Limited Distributors Cash Credit Limit CRISIL BB- Stable
Letter of Credit Limit CRISIL A4+
Bank Guarantee limit CRISIL A4+
JSM Vegoils Private Limited Distributors Cash Credit Limit #
Letter of Credit Limit #
Bank Guarantee limit #
JSR AND Company Construction & Engineering Cash Credit Limit CRISIL BB Stable
Bank Guarantee limit CRISIL A4+
JSR Infra Developers Private Limited Construction & Engineering Cash Credit Limit CRISIL BB+ Stable
Proposed Long-Term Bank Facility CRISIL BB+ Stable
Bank Guarantee limit CRISIL A4+
JSS Buildcon Private Limited Real Estate Development Proposed Long-Term Bank Facility #
JSS Mahavidyapeetha Diversified Consumer Services Term Loan Facilities #
Over Draft #
JSW Cement Limited Construction Materials Term Loan Facilities CRISIL BBB- Stable
Letter of Credit (LC) CRISIL BBB- Stable
Proposed Term Loan CRISIL BBB- Stable
Cash Credit Limit CRISIL BBB- Stable
Letter of Credit Limit CRISIL A3
JSW Vallabh Tinplate Private Limited Containers & Packaging Cash Credit Limit CRISIL BBB- Stable
Long Term Bank Loan CRISIL BBB- Stable
Proposed Long-Term Bank Facility CRISIL BBB- Stable
Bank Guarantee limit CRISIL A3
JVR Forgings Limited Auto Components Cash Credit Limit #
Letter of Credit Limit #
JVS Export Textiles- Apparel & Luxury Goods Proposed Long-Term Bank Facility #
Long Term Bank Loan #
Cash Credit Limit #
Bill Purchase-Discounting Facility #
Packing Credits #
JVS Foods Private Limited Food Products Cash Credit Limit #
Letter of Credit and Bank Guarantee #
JWC Logistics Park Private Limited Road & Rail Cash Credit Limit CRISIL BBB+ Stable
Term Loan Facilities CRISIL BBB+ Stable
Bank Guarantee limit CRISIL A2
JWL Cold Store Private Limited Commercial Services & Supplies Proposed Long-Term Bank Facility CRISIL BBB+ Stable
Term Loan Facilities CRISIL BBB+ Stable
Overdraft Facility CRISIL A2
Bank Guarantee limit CRISIL A2
JWR Logistics Private Limited Road & Rail Term Loan Facilities CRISIL BBB+ Stable
Proposed Long-Term Bank Facility CRISIL BBB+ Stable
Bank Guarantee limit CRISIL A2
Jaahnavee Life Sciences Private Limited Pharmaceuticals Proposed Long-Term Bank Facility CRISIL B Stable
Jaanvi Spinners Private Limited Engineering & Capital Goods Proposed Term Loan CRISIL B Stable
Proposed Cash Credit Limit CRISIL B Stable
Jabalpur Hospital and Research Centre Private Limited Health Care Providers & Services Term Loan Facilities CRISIL B Stable
Cash Credit Limit CRISIL B Stable
Jabalpur Transmission Company Limited Electric Utilities Term Loan Facilities CRISIL BBB- Positive
Jabsons Foods (A Div of Jabsons Cottonseed Ind Pvt Ltd) Food Products Term Loan Facilities CRISIL BB Stable
Cash Credit Limit CRISIL BB Stable
Inland Guarantees CRISIL A4+
Jadhao Gears Private limited Machinery Long Term Bank Loan CRISIL BB+ Positive
Cash Credit Limit CRISIL BB+ Positive
Proposed Long-Term Bank Facility CRISIL BB+ Positive
Bank Guarantee limit CRISIL A4+
Jadhao Layland Private Limited Machinery Working Capital Facility CRISIL B+ Stable
Jadia Pipes India Limited Machinery Cash Credit Limit #
Term Loan Facilities #
Bank Guarantee limit #
Letter of Credit Limit #
Jadwet Resorts And Leisure Private Limited Hotels Restaurants & Leisure Long Term Bank Loan CRISIL B Stable
Jadwet Trading Company Industrial Conglomerates Cash Credit Limit CRISIL BB- Stable
Proposed Working Capital Facility CRISIL BB- Stable
Proposed Long-Term Bank Facility CRISIL BB- Stable
Bank Guarantee limit CRISIL A4+
Jag Vidhya AND Sons Resorts AND Hotels LLP Hotels Restaurants & Leisure Cash Credit Limit CRISIL B Stable
Term Loan Facilities CRISIL B Stable
Jagabandhu Enterprisers Private Limited Electrical Equipment Term Loan Facilities CRISIL B Stable
Bank Guarantee limit CRISIL A4
Overdraft Facility CRISIL A4
Jagadambha Cotton Industries Private Limited Textiles- Apparel & Luxury Goods Cash Credit Limit #
Rupee Term Loans #
Jagadeesh Marine Exports Food Products Proposed Long-Term Bank Facility CRISIL BBB Stable
Stand by Letter of Credit CRISIL BBB Stable
Foreign Bill Discounting Limit CRISIL BBB Stable
Packing Credit in Foreign Currency CRISIL A3+
Jagadhatri Vyapaar Private Limited Distributors Letter of Credit Limit #
Jagadish P. Deshpande Real Estate Development Term Loan Facilities #
Jagannath Alloys Limited Distributors Term Loan Facilities #
Cash Credit Limit #
Jagannath Corporation Projects Private Limited Construction & Engineering Cash Credit Limit CRISIL BB Stable
Proposed Long-Term Bank Facility CRISIL BB Stable
Bank Guarantee limit CRISIL A4+
Jagannath Extrusion India Limited Containers & Packaging Cash Credit Limit #
Term Loan Facilities #
Bank Guarantee limit #
Letter of Credit Limit #
Jagannath Polymers Limited Containers & Packaging Long Term Bank Loan CRISIL B Stable
Cash Credit Limit CRISIL B Stable
Proposed Long-Term Bank Facility CRISIL B Stable
Jagannath Polypacks Limited Containers & Packaging Proposed Long-Term Bank Facility CRISIL C
Cash Credit Limit CRISIL C
Bank Guarantee limit CRISIL A4
Jagannath Rice Mills Food Products Cash Credit Limit CRISIL B+ Stable
Jagannath Textile Company Limited Engineering & Capital Goods Corporate Loan CRISIL D
Cash Credit Limit CRISIL D
Proposed Long-Term Bank Facility CRISIL D
Working Capital Term Loan CRISIL D
Long Term Bank Loan CRISIL D
Bank Guarantee limit CRISIL D
Letter of Credit Limit CRISIL D
Jagannath Traders - Delhi Distributors Cash Credit Limit CRISIL B+ Stable
Jagaran Microfin Private Limited Microfinance Proposed Long-Term Bank Facility CRISIL BB+ Stable
Jagat Agro (Guj) Food Products Proposed Long-Term Bank Facility #
Term Loan Facilities #
Cash Credit Limit #
Jagat Gouri Rice Mill Food Products Proposed Long-Term Bank Facility #
Term Loan Facilities #
Cash Credit Limit #
Bank Guarantee limit #
Jagat Jagdamba Flour Private Limited Food Products Cash Credit Limit CRISIL D
Jagat Projects Limited Distributors Over Draft #
Jagat Radha Motors Private Limited Specialty Retail Electronic Dealer Financing Scheme CRISIL B+ Stable
Jagati Publications Limited Media Letter of Credit Limit CRISIL A4+
Proposed Short Term Bank Facility CRISIL A4+
Jagdale Industries Limited Pharmaceuticals Cash Credit Limit CRISIL BBB- Positive
Long Term Bank Loan CRISIL BBB- Positive
Letter of Credit and Bank Guarantee CRISIL A3
Jagdamba Cereals Udyog Private Limited Food Products Cash Credit Limit CRISIL D
Proposed Long-Term Bank Facility CRISIL D
Letter of Credit Limit CRISIL D
Jagdamba Ispat (A Unit of Piyush Finhold Private Limited) Metals & Mining Cash Credit Limit #
Proposed Long-Term Bank Facility #
Letter of Credit Limit #
Jagdamba Ispat Private Limited Metals & Mining Cash Credit Limit #
Proposed Long-Term Bank Facility #
Jagdamba Polyfabes Private Limited Containers & Packaging Term Loan Facilities #
Proposed Long-Term Bank Facility #
Cash Credit Limit #
Letter of Credit Limit #
Bank Guarantee limit #
Standby Line Of Credit #
Jagdamba Steels Distributors Cash Credit Limit #
Jagdamba TMT Mills Limited Metals & Mining Cash Credit Limit #
Term Loan Facilities #
Letter of Credit Limit #
Jagdhatri Papers Private Limited Paper & Forest Products Cash Credit Limit CRISIL B+ Stable
Letter of Credit Limit CRISIL A4
Jagdish Agro Foods Food Products Term Loan Facilities CRISIL B+ Stable
Cash Credit Limit CRISIL B+ Stable
Foreign Exchange Forwards CRISIL A4
Bank Guarantee limit CRISIL A4
Jagdish Jewellers Private Limited Textiles- Apparel & Luxury Goods Cash Credit Limit #
Jagdish Rice Mills Food Products Proposed Long-Term Bank Facility CRISIL BB- Stable
Cash Credit Limit CRISIL BB- Stable
Jagmohan Lal Gupta Estates Private Limited Hotels Restaurants & Leisure Proposed Term Loan #
Term Loan Facilities #
Cash Credit Limit #
Bank Guarantee limit #
Jagmohan Motors Limited Specialty Retail Proposed Long-Term Bank Facility CRISIL BBB-
Channel Financing (LT) CRISIL BBB-
Cash Credit Limit CRISIL BBB-
Jagran Prakashan Limited Media Cash Credit Limit CRISIL AA+ Stable
Non Convertible Debenture CRISIL AA+ Stable
Term Loan Facilities CRISIL AA+ Stable
Proposed Long-Term Bank Facility CRISIL AA+ Stable
Letter of Credit Limit CRISIL A1+
Commercial Paper CRISIL A1+
Jagran Steels and Power Private Limited Metals & Mining Term Loan Facilities #
Cash Credit Limit #
Jagraon Cycle Industries Metals & Mining Long Term Bank Loan #
Cash Credit Limit #
Letter of Credit Limit #
Jagriti Steel Metals & Mining Long Term Bank Loan CRISIL B+ Stable
Cash Credit Limit CRISIL B+ Stable
Proposed Long-Term Bank Facility CRISIL B+ Stable
Jagrut Motors Specialty Retail Cash Credit Limit #
Long Term Bank Loan #
Jagson Colorchem Limited Chemicals Term Loan Facilities #
Letter of Credit Limit #
Bill Discounting Facility #
Proposed Short Term Bank Facility #
Packing Credits #
Jagson International Limited Energy Equipment & Services Term Loan Facilities #
Cash Credit Limit #
Bank Guarantee limit #
Letter of Credit Limit #
Jagtar Singh and Sons Hydraulics Private Limited Auto Components Cash Credit Limit #
Term Loan Facilities #
Proposed Long-Term Bank Facility #
Letter of Credit Limit #
Bank Guarantee limit #
Jagwani Projects Private Limited Distributors Cash Credit Limit CRISIL B Stable
Proposed Term Loan CRISIL B Stable
Jahangir Biri Factory Private Limited Tobacco Proposed Long-Term Bank Facility CRISIL BB- Stable
Cash Credit Limit CRISIL BB- Stable
Jahanvi Ispat Private Limited Metals & Mining Long Term Bank Loan CRISIL D
Cash Credit Limit CRISIL D
Jahnvi Sales Distributors Cash Credit Limit #
Jahnvis Multi Foundation Diversified Consumer Services Term Loan Facilities CRISIL B+ Stable
Proposed Long-Term Bank Facility CRISIL B+ Stable
Jai Amba Jee Synthetics Distributors Cash Credit Limit #
Jai Ambay Fertilisers Private Limited Chemicals Cash Credit Limit #
Jai Ambe Quality Sugar Food Products Cash Credit Limit CRISIL B+ Stable
Jai Ambey Wire Exim Private Limited Trading Companies & Distributors Cash Credit Limit CRISIL B+ Stable
Over Draft CRISIL B+ Stable
Composite Working Capital Limit CRISIL A4
Jai Ambey Wire Private Limited Electrical Equipment Proposed Long-Term Bank Facility CRISIL BB- Stable
Term Loan Facilities CRISIL BB- Stable
Cash Credit Limit CRISIL BB- Stable
Jai Aravali Industries Distributors Proposed Long-Term Bank Facility CRISIL BBB- Stable
Cash Credit Limit CRISIL BBB- Stable
Letter of Credit Limit CRISIL A3
Jai Auto Pvt Ltd Machinery Cash Credit Limit #
Corporate Mortgage Loan #
Term Loan Facilities #
Foreign Currency Term Loan #
Jai Bharat Gum and Chemicals Limited Food Products Proposed Long-Term Bank Facility #
Cash Credit Limit #
Long Term Bank Loan #
Letter of Credit Limit #
Bank Guarantee limit #
Jai Bharat Rice Mills Food Products Proposed Long-Term Bank Facility #
Cash Credit Limit #
Stand by Line of Credit #
Jai Bharat Rice Mills (Partnership) Food Products Proposed Long-Term Bank Facility CRISIL B Stable
Cash Credit Limit CRISIL B Stable
Jai Bhavani Furnishing Private Limited Textiles- Apparel & Luxury Goods Cash Credit Limit CRISIL BB Stable
Jai Bhawani Trading Co. Food Products Cash Credit Limit CRISIL B+ Stable
Proposed Long-Term Bank Facility CRISIL B+ Stable
Jai Dada Infrastructure Private Limited Road & Rail Long Term Bank Loan #
Cash Credit Limit #
Jai Dada Movers Private Limited Road & Rail Rupee Term Loans #
Cash Credit Limit #
Jai Durga Iron Private Limited Metals & Mining Stand by Letter of Credit CRISIL BB- Stable
Cash Credit Limit CRISIL BB- Stable
Proposed Long-Term Bank Facility CRISIL BB- Stable
Letter of Credit Limit CRISIL A4+
Jai Gopal International Impex Private Limited Distributors Cash Credit Limit CRISIL BB- Stable
Foreign Letter of Credit CRISIL A4+
Jai Hind Public School Diversified Consumer Services Proposed Term Loan #
Jai Hind Spinning Mills Limited Textiles- Apparel & Luxury Goods Cash Credit Limit CRISIL D
Long Term Bank Loan CRISIL D
Letter of Credit Bill Discounting CRISIL D
Jai Hind Wire Rod Mills Limited Metals & Mining Term Loan Facilities CRISIL BB- Negative
Proposed Long-Term Bank Facility CRISIL BB- Negative
Cash Credit Limit CRISIL BB- Negative
Letter of Credit Limit CRISIL A4
Overdraft Facility CRISIL A4
Bank Guarantee limit CRISIL A4
Jai India Weaving Mills Private Limited Textiles- Apparel & Luxury Goods Cash Credit Limit CRISIL BB Stable
Stand by Letter of Credit CRISIL BB Stable
Letter of Credit Limit CRISIL A4+
Jai Industries Machinery Proposed Long-Term Bank Facility CRISIL BBB- Stable
Cash Credit Limit CRISIL BBB- Stable
Letter of Credit Limit CRISIL A3
Standby Letter Of Credit CRISIL A3
Bill Purchase-Discounting Facility CRISIL A3
Jai International Building Products Cash Credit Limit #
Term Loan Facilities #
Over Draft #
Bill Purchase #
Jai Jagdamba Metalloys Limited Metals & Mining Cash Credit Limit CRISIL B- Stable
Jai Jagdish Ship Breakers Private Limited Marine Cash Credit Limit CRISIL BB Stable
Proposed Long-Term Bank Facility CRISIL BB Stable
Letter of Credit Limit CRISIL A4+
Jai Jalaram Ceramic Works Private Limited Engineering & Capital Goods Cash Credit Limit CRISIL B Stable
Proposed Long-Term Bank Facility CRISIL B Stable
Jai Jyotawali Steel Private Limited Metals & Mining Cash Credit Limit #
Proposed Long-Term Bank Facility #
Term Loan Facilities #
Bank Guarantee limit #
Letter of Credit Limit #
Jai Jyoti Woollen Mills Textiles- Apparel & Luxury Goods Term Loan Facilities CRISIL B Stable
Cash Credit Limit CRISIL B Stable
Proposed Short Term Bank Facility CRISIL A4
Jai Kedarnath Buildcon Private Limited Real Estate Development Term Loan Facilities CRISIL B Stable
Proposed Long-Term Bank Facility CRISIL B Stable
Jai Krishna Artec-J.V. Real Estate Development Term Loan Facilities #
Bank Guarantee limit #
Jai Krishna Roller Flour Mills Private Limited Food Products Cash Credit Limit #
Bank Guarantee limit #
Jai Laxmi Cement Company Private Limited Construction Materials Rupee Term Loans #
Cash Credit Limit #
Bank Guarantee limit #
Jai Lokenath Oil Extraction Private Limited Food Products Cash Credit Limit #
Proposed Long-Term Bank Facility #
Bank Guarantee limit #
Jai Maa Iron Foundry Private Limited Textiles- Apparel & Luxury Goods Term Loan Facilities #
Proposed Long-Term Bank Facility #
Cash Credit Limit #
Jai Maa Jagdamba Flour Private Limited Food Products Cash Credit Limit CRISIL D
Jai Maa Sharda Agro And Rice Mills Private Limited Food Products Cash Credit Limit #
Term Loan Facilities #
Bank Guarantee limit #
Jai Maakali Fish Farms Private Limited Food Products Proposed Long-Term Bank Facility #
Cash Credit Limit #
Jai Maakali Poultry Farms Food Products Long Term Bank Loan CRISIL D
Cash Credit Limit CRISIL D
Jai Mahakal Warehousing Company Food Products Term Loan Facilities CRISIL B+ Stable
Jai Mahalaxmi Ispat India Private Limited Metals & Mining Cash Credit Limit #
Proposed Long-Term Bank Facility #
Term Loan Facilities #
Bank Guarantee limit #
Jai Mata Di Plastics Private Limited Containers & Packaging Cash Credit Limit #
Term Loan Facilities #
Jai Narain Shiksha Samati Diversified Consumer Services Term Loan Facilities #
Jai Parvati Forge Limited Auto Components Cash Credit Limit CRISIL BBB Negative
Term Loan Facilities CRISIL BBB Negative
Letter of Credit Limit CRISIL A3+
Bank Guarantee limit CRISIL A3+
Jai Pawansut Polytex Private Limited Textiles- Apparel & Luxury Goods Term Loan Facilities CRISIL B Stable
Cash Credit Limit CRISIL B Stable
Proposed Long-Term Bank Facility CRISIL B Stable
Bank Guarantee limit CRISIL A4
Jai Pharma Limited Pharmaceuticals Proposed Cash Credit Limit CRISIL A+ Stable
Cash Credit Limit CRISIL A+ Stable
Bank Guarantee limit CRISIL A1+
Proposed Letter of Credit & Bank Guarantee CRISIL A1+
Letter of Credit Limit CRISIL A1+
Jai Prakash and Sons Construction & Engineering Over Draft CRISIL BB+ Stable
Cash Credit Limit CRISIL BB+ Stable
Secured Overdraft against term deposits CRISIL BB+ Stable
Bank Guarantee limit CRISIL A4+
Jai Pushpa Industries Machinery Proposed Long-Term Bank Facility CRISIL BB- Stable
Cash Credit Limit CRISIL BB- Stable
Bank Guarantee limit CRISIL A4+
Inland/Import Letter of Credit CRISIL A4+
Jai Raj Ispat Limited Metals & Mining Cash Credit Limit #
Proposed Long-Term Bank Facility #
Bank Guarantee limit #
Letter of Credit Limit #
Jai Sai Construction Construction & Engineering Bank Guarantee CRISIL B+ Stable
Over Draft CRISIL B+ Stable
Proposed Long-Term Bank Facility CRISIL B+ Stable
Jai Sai Trading Co. Distributors Cash Credit Limit #
Warehouse Receipts #
Jai Shiv Aluminium Private Limited Metals & Mining Proposed Long-Term Bank Facility #
Cash Credit Limit #
Rupee Term Loans #
Letter of Credit Limit #
Bank Guarantee limit #
Jai Shiv Foods Distributors Warehouse Receipts #
Jai Shiv Trading Company Distributors Warehouse Receipts #
Jai Shree Balaji Fats and Oils Private Limited Distributors Letter of Credit Limit #
Jai Shree Radhey Woven Sack Containers & Packaging Term Loan Facilities CRISIL B Stable
Cash Credit Limit CRISIL B Stable
Jai Shree Shyam Textiles Textiles- Apparel & Luxury Goods Term Loan Facilities CRISIL BB- Stable
Cash Credit Limit CRISIL BB- Stable
Bank Guarantee limit CRISIL A4+
Jai Vardhman Khaniz Private Limited Metals & Mining Proposed Long-Term Bank Facility CRISIL BB+ Stable
Term Loan Facilities CRISIL BB+ Stable
Cash Credit Limit CRISIL BB+ Stable
Export Packing Credit limits CRISIL A4+
Foreign Bill Discounting CRISIL A4+
Jai Venktesh Concast Private Limited Metals & Mining Cash Credit Limit #
Term Loan Facilities #
Jaichand Lal Singhi Construction & Engineering Cash Credit Limit CRISIL BBB- Stable
Bank Guarantee limit CRISIL A3
Jaidada Paribahan Private Limited Road & Rail Term Loan Facilities #
Cash Credit Limit #
Jaideep India Private Limited Textiles- Apparel & Luxury Goods Long Term Bank Loan CRISIL BBB- Stable
Cash Credit Limit CRISIL BBB- Stable
Proposed Long-Term Bank Facility CRISIL BBB- Stable
Bank Guarantee limit CRISIL A3
Jaideep Ispat and Alloys Private Limited Metals & Mining Term Loan Facilities #
Cash Credit Limit #
Letter of Credit Limit #
Bank Guarantee limit #
Jaideep Trading Company Distributors Cash Credit Limit CRISIL B Stable
Proposed Long-Term Bank Facility CRISIL B Stable
Jaika Automobiles Private Limited Specialty Retail Cash Credit Limit CRISIL BB- Stable
Jaika Automobiles and Finance Private Limited Specialty Retail Channel Financing (LT) CRISIL BB+ Stable
Cash Credit Limit CRISIL BB+ Stable
Term Loan Facilities CRISIL BB+ Stable
Jaika Motors Limited Specialty Retail Cash Credit Limit CRISIL BB Stable
Jaika Vehicle Trade Private Limited Specialty Retail Cash Credit Limit CRISIL B- Stable
Term Loan Facilities CRISIL B- Stable
Proposed Cash Credit Limit CRISIL B- Stable
Jaikrishnaa Autosales Private Limited Specialty Retail Inventory Funding Facility CRISIL A4+
Jaimal Traders Private Limited Distributors Cash Credit Limit CRISIL BB- Stable
Proposed Long-Term Bank Facility CRISIL BB- Stable
Bank Guarantee limit CRISIL A4+
Jaimurty Minerals and Chemicals Private Limited Chemicals Corporate Loan #
Term Loan Facilities #
Cash Credit Limit #
Letter of Credit Limit #
Jain Abhushan Private Limited Engineering & Capital Goods Cash Credit Limit #
Jain Acid AND Chemicals Distributors Proposed Cash Credit Limit CRISIL BB+ Stable
Proposed Bank Guarantee ? Long-Term CRISIL BB+ Stable
Cash Credit Limit CRISIL BB+ Stable
Bank Guarantee limit CRISIL A4+
Jain Amar Clothing Private Limited Textiles- Apparel & Luxury Goods Term Loan Facilities CRISIL BBB Stable
Over Draft CRISIL BBB Stable
Cash Credit Limit CRISIL BBB Stable
Jain Coal Services Distributors Cash Credit Limit CRISIL BB Stable
Proposed Long-Term Bank Facility CRISIL BB Stable
Jain Granites and Projects India Limited Distributors Cash Credit Limit #
Letter of Credit Limit #
Foreign Bill Discounting #
Packing Credits #
Jain Hitex Creation Private Limited Distributors Packing Credits CRISIL A4
Jain Housing Real Estate Development Term Loan Facilities CRISIL BB+ Stable
Jain Housing and Constructions Limited Real Estate Development Non Convertible Debenture CRISIL BB+ Stable
Term Loan Facilities CRISIL BB+ Stable
Corporate Loan CRISIL BB+ Stable
Overdraft Facility CRISIL A4+
Jain Hydraulics Private Limited Machinery Cash Credit Limit CRISIL B- Stable
Bank Guarantee limit CRISIL A4
Jain Industrial Products Auto Components Term Loan Facilities CRISIL BB+ Stable
Cash Credit Limit CRISIL BB+ Stable
Proposed Long-Term Bank Facility CRISIL BB+ Stable
Jain Marble Centre Building Products Cash Credit Limit #
Term Loan Facilities #
Letter of Credit Limit #
Jain Sons Finlease Limited Non Banking Financial Company Non Convertible Debenture CRISIL BB+ Stable
Jain Steel Industries Metals & Mining Cash Credit Limit CRISIL BB- Stable
Proposed Fund-Based Bank Limits CRISIL BB- Stable
Proposed Non Fund based limits CRISIL A4+
Jain Timber Co Private Limited Paper & Forest Products Cash Credit Limit CRISIL B+ Stable
Proposed Long-Term Bank Facility CRISIL B+ Stable
Letter of Credit Limit CRISIL A4
Jain Udhay Apparels Private Limited Textiles- Apparel & Luxury Goods Term Loan Facilities #
Cash Credit Limit #
Letter of Credit Limit #
Jain Udhay Fabrics Private Limited Engineering & Capital Goods Cash Credit Limit #
Term Loan Facilities #
Letter of Credit Limit #
Jain Udhay Hosiery Private Limited Textiles- Apparel & Luxury Goods Cash Credit Limit #
Working Capital Demand Loan #
Long Term Bank Loan #
Letter of Credit Limit #
Bank Guarantee limit #
Jain Udyog Specialty Retail Inventory Funding CRISIL BBB Stable
Cash Credit Limit CRISIL BBB Stable
Proposed Long-Term Bank Facility CRISIL BBB Stable
Bank Guarantee limit CRISIL A3+
Jain Vinimay Private Limited Metals & Mining Term Loan Facilities #
Cash Credit Limit #
Letter of Credit Limit #
Jainam Industries Private Limited Chemicals Cash Credit Limit CRISIL B Stable
Jainam Ornament Private Limited Textiles- Apparel & Luxury Goods Cash Credit Limit CRISIL B+ Stable
Proposed Long-Term Bank Facility CRISIL B+ Stable
Jainco Enterprises Private Limited Construction & Engineering Proposed Long-Term Bank Facility CRISIL BB Stable
Bank Guarantee limit CRISIL A4+
Jainendra Industries Private Limited Metals & Mining Proposed Cash Credit Limit #
Cash Credit Limit #
Stand by Line of Credit #
Rupee Term Loans #
Letter of Credit Limit #
Jainsons Woven Art Household Durables Foreign Bill Purchase Limit #
Packing Credits #
Jaipan Industries Limited Household Durables Proposed Long-Term Bank Facility CRISIL BB- Stable
Cash Credit Limit CRISIL BB- Stable
Letter of Credit Limit CRISIL A4+
Jaipur Centre Developers Private Limited Real Estate Development Proposed Long-Term Bank Facility #
Term Loan Facilities #
Jaipur Crafts Private Limited Household Durables Cash Credit Limit CRISIL BB Stable
Stand by Line of Credit CRISIL BB Stable
Term Loan Facilities CRISIL BB Stable
Jaipur National University Diversified Consumer Services Proposed Long-Term Bank Facility CRISIL BBB- Stable
Term Loan Facilities CRISIL BBB- Stable
Jairam Maruti Mills Engineering & Capital Goods Proposed Long-Term Bank Facility CRISIL D
Cash Credit Limit CRISIL D
Long Term Bank Loan CRISIL D
Bank Guarantee limit CRISIL D
Jais Jewellery Private Limited Textiles- Apparel & Luxury Goods Packing Credits CRISIL A4
Foreign Bill Discounting CRISIL A4
Jaishriram Sugar And Agro Products Limited Food Products Cash Credit Limit CRISIL C
Sugar Pledge Cash Credit CRISIL C
Jaisu Shipping Co Private Limited Transportation Infrastructure Cash Credit Limit #
Working Capital Demand Loan #
Bank Guarantee limit #
Jaiswal Battery Service Electrical Equipment Cash Credit Limit CRISIL BB- Stable
Bank Guarantee limit CRISIL A4+
Jaivignesh Spinner (Covai) Limited Textiles- Apparel & Luxury Goods Proposed Long-Term Bank Facility #
Stand by Line of Credit #
Long Term Bank Loan #
Cash Credit Limit #
Bank Guarantee limit #
Jajodia Exports Private Limited Distributors Stand by Line of Credit #
Cash Credit Limit #
Proposed Long-Term Bank Facility #
Letter of Credit Limit #
Jajoo Enterprises Limited Textiles- Apparel & Luxury Goods Cash Credit Limit #
Letter of Credit Limit #
Jajoo Exports Metals & Mining Short-Term Bank Facility #
Jajoo Rashmi Refractories Private Limited Metals & Mining Cash Credit Limit #
Jajoo Surgical Private Limited Health Care Equipment & Supplies Buyers Credit CRISIL B+ Stable
Cash Credit Limit CRISIL B+ Stable
Inland/Import Letter of Credit CRISIL A4
Jakharia Fabric Private Limited Textiles- Apparel & Luxury Goods Cash Credit Limit CRISIL BB Stable
Proposed Term Loan CRISIL BB Stable
Proposed Long-Term Bank Facility CRISIL BB Stable
Term Loan Facilities CRISIL BB Stable
Jaksons Developers Private Limited Real Estate Development Cash Credit Limit CRISIL BB Negative
Proposed Long-Term Bank Facility CRISIL BB Negative
Term Loan Facilities CRISIL BB Negative
Bank Guarantee limit CRISIL A4+
Jal Exports Textiles- Apparel & Luxury Goods Packing Credits #
Bill Purchase-Discounting Facility #
Jala Shakti Limited Independent Power Producers & Energy Traders Long Term Bank Loan #
Jalalabad Rice Exports Private Limited Food Products Cash Credit Limit CRISIL BB- Stable
Jalan Carbons and Chemicals Limited Oil Gas & Consumable Fuels Stand by Line of Credit CRISIL B+ Stable
Working Capital Term Loan CRISIL B+ Stable
Rupee Term Loans CRISIL B+ Stable
Cash Credit Limit CRISIL B+ Stable
Jalan Traders Distributors Cash Credit Limit #
Standby Line Of Credit #
Jalan Transolutions India Limited Road & Rail Proposed Cash Credit Limit CRISIL B+ Stable
Cash Credit Limit CRISIL B+ Stable
Term Loan Facilities CRISIL B+ Stable
Jalaram Agro Industries Food Products Cash Credit Limit #
Jalaram Ceramics Limited Building Products Cash Credit Limit #
Rupee Term Loans #
Proposed Long-Term Bank Facility #
Letter of Credit Limit #
Jalaram Cotton And Proteins Limited Textiles- Apparel & Luxury Goods Proposed Long-Term Bank Facility #
Over Draft #
Cash Credit Limit #
Working Capital Demand Loan #
Rupee Term Loans #
Bank Guarantee limit #
Foreign Bill Purchase Limit #
Bill Purchase-Discounting Facility #
Jalaram Flexo Laminates Private Limited Containers & Packaging Term Loan Facilities CRISIL D
Cash Credit Limit CRISIL D
Proposed Long-Term Bank Facility CRISIL D
Jalaram Transport Metals & Mining Cash Credit Limit CRISIL BB+ Stable
Term Loan Facilities CRISIL BB+ Stable
Bank Guarantee limit CRISIL A4+
Jaldhaka Cold Storage Private Limited Commercial Services & Supplies Cash Credit Limit CRISIL B- Stable
Jaldhara Fibers Private Limited Textiles- Apparel & Luxury Goods Proposed Term Loan #
Proposed Cash Credit Limit #
Jalgaon Golden Transport Private Limited Road & Rail Proposed Cash Credit Limit CRISIL B Stable
Cash Credit Limit CRISIL B Stable
Proposed Bank Guarantee CRISIL A4
Bank Guarantee limit CRISIL A4
Jalna Medical Foundation And Research Center Private Limited Health Care Providers & Services Term Loan Facilities #
Proposed Long-Term Bank Facility #
Cash Credit Limit #
Jalna Siddhivinayak Alloys Private Limited Metals & Mining Cash Credit Limit CRISIL B+ Stable
Proposed Long-Term Bank Facility CRISIL B+ Stable
Bank Guarantee limit CRISIL A4
Jalnidhi Bitumen Specialities Private Limited Chemicals Cash Credit Limit #
Bank Guarantee limit #
Letter of Credit Limit #
Jalsa Banquets Private Limited Hotels Restaurants & Leisure Term Loan Facilities CRISIL B- Stable
Jam Hotels and Resorts Private Limited Hotels Restaurants & Leisure Long Term Bank Loan #
Jama Corporation Private Limited Textiles- Apparel & Luxury Goods Rupee Term Loans CRISIL BBB Stable
Bill Purchase-Discounting Facility CRISIL A3+
Packing Credits CRISIL A3+
Jamals Real Estate Development Long Term Bank Loan CRISIL BB Stable
Jamia Islamia Ishaatul Uloom Diversified Consumer Services Proposed Term Loan CRISIL BB- Stable
Term Loan Facilities CRISIL BB- Stable
Bank Guarantee limit CRISIL A4+
Jamkash Vehicleades (Kashmir) Private Limited Specialty Retail Long Term Bank Loan CRISIL B+ Stable
Cash Credit Limit CRISIL B+ Stable
Bank Guarantee limit CRISIL A4
Jammu Pigments Private Limited Metals & Mining Cash Credit Limit CRISIL B+ Stable
Buyers Credit Limit CRISIL A4
Jamna Dass Nikkamal Jain Saraf Private Limited Distributors Cash Credit Limit #
Jamna Metal Co. Metals & Mining Term Loan Facilities CRISIL C
Cash Credit Limit CRISIL C
Working Capital Term Loan CRISIL C
Proposed Long-Term Bank Facility CRISIL C
Bank Guarantee limit CRISIL A4
Jamnadas Industries Containers & Packaging Proposed Long-Term Bank Facility CRISIL BBB Stable
Cash Credit Limit CRISIL BBB Stable
Letter of Credit Limit CRISIL A3+
Jampana Construction Private Limited Construction & Engineering Term Loan Facilities #
Cash Credit Limit #
Proposed Long-Term Bank Facility #
Bank Guarantee limit #
Jampeswar Agro Udyog Private Limited Food Products Proposed Long-Term Bank Facility CRISIL B+ Stable
Term Loan Facilities CRISIL B+ Stable
Cash Credit Limit CRISIL B+ Stable
Letter of Credit Limit CRISIL A4
Jamshedpur Minerals AND Chemicals Metals & Mining Term Loan Facilities CRISIL B+ Stable
Cash Credit Limit CRISIL B+ Stable
Foreign Letter of Credit (LT) CRISIL B+ Stable
Letter of Credit Limit CRISIL A4
Jamshedpur Notified Area Committee Multi-Utilities Corporate Credit Rating CCR B
Jamshedpur Utilities and Services Company Limited Construction & Engineering Cash Credit Limit CRISIL BBB+ Stable
Long Term Bank Loan CRISIL BBB+ Stable
Proposed Long-Term Bank Facility CRISIL BBB+ Stable
Bank Guarantee limit CRISIL A2
Jamuna InfraProjects Private Limited Construction Materials Term Loan Facilities CRISIL B Stable
Cash Credit Limit CRISIL B Stable
Jan Shakti Charitable Trust Diversified Consumer Services Term Loan Facilities #
Jana Papers Private Limited Distributors Proposed Long-Term Bank Facility CRISIL B+ Stable
Cash Credit Limit CRISIL B+ Stable
Janaa Industries Textiles- Apparel & Luxury Goods Long Term Bank Loan CRISIL B+ Stable
Proposed Long-Term Bank Facility CRISIL B+ Stable
Cash Credit Limit CRISIL B+ Stable
Janachaitanya Housing Private Limited Real Estate Development Long Term Bank Loan CRISIL D
Janagal Exports Private Limited Textiles- Apparel & Luxury Goods Working Capital Facility #
Cash Credit Limit #
Term Loan Facilities #
Export Packing Credit limits #
Janaki Commercial Textiles- Apparel & Luxury Goods Cash Credit Limit #
Janaki Cotton Mills Limited Textiles- Apparel & Luxury Goods Proposed Long-Term Bank Facility CRISIL B Stable
Term Loan Facilities CRISIL B Stable
Stand by Line of Credit CRISIL B Stable
Cash Credit Limit CRISIL B Stable
Letter of Credit Limit CRISIL A4
Bank Guarantee limit CRISIL A4
Janaki Ram Steel and Power Private Limited Metals & Mining Cash Credit Limit #
Letter of Credit Limit #
Janakirama Raw and Boiled Rice Mill Food Products Open Cash Credit CRISIL BB- Stable
Janalakshmi Financial Services Private Limited Microfinance Non Convertible Debenture CRISIL A- Stable
Cash Credit Limit CRISIL A- Stable
Term Loan Facilities CRISIL A- Stable
Short-Term Loan CRISIL A1
Structured Debt Obligation CRISIL A(SO)
Structured Debt Obligation CRISIL A+(SO)
Pass Through Certificate CRISIL A-(SO)
Structured Debt Obligation CRISIL AA+(SO)
Structured Debt Obligation CRISIL AA-(SO)
Pass Through Certificate CRISIL AAA(SO)
Structured Debt Obligation CRISIL AAA(SO)
Structured Debt Obligation CRISIL BB(SO)
Structured Debt Obligation CRISIL BBB(SO)
Structured Debt Obligation CRISIL BBB+(SO)
Structured Debt Obligation Provisional CRISIL A(SO)
Structured Debt Obligation Provisional CRISIL A+(SO)
Structured Debt Obligation Provisional CRISIL A-(SO)
Structured Debt Obligation Provisional CRISIL BB+(SO)
Structured Debt Obligation Provisional CRISIL BBB(SO)
Structured Debt Obligation Provisional CRISIL BBB+(SO)
Structured Debt Obligation Provisional CRISIL BBB-(SO)
Janam Diamonds Private Limited Textiles- Apparel & Luxury Goods Proposed Long-Term Bank Facility CRISIL BB+ Stable
Stand by Line of Credit CRISIL BB+ Stable
Export Packing Credit CRISIL BB+ Stable
Post Shipment Credit CRISIL A4+
Foreign Exchange Forwards CRISIL A4+
Janani International Private Limited Textiles- Apparel & Luxury Goods Proposed Term Loan CRISIL B+ Stable
Standby Letter Of Credit CRISIL A4
Foreign Bill Discounting CRISIL A4
Packing Credits CRISIL A4
Janani Tours and Resorts Private Limited Road & Rail Cash Credit Limit #
Janardan Cement Co. Private Limited Construction Materials Term Loan Facilities #
Cash Credit Limit #
Janardan Nirman Private Limited Construction & Engineering Term Loan Facilities CRISIL BB- Stable
Proposed Long-Term Bank Facility CRISIL BB- Stable
Cash Credit Limit CRISIL BB- Stable
Proposed Short Term Bank Facility CRISIL A4+
Bank Guarantee limit CRISIL A4+
Janardhan Plyboard Industries Limited Construction Materials Cash Credit Limit CRISIL B- Stable
Term Loan Facilities CRISIL B- Stable
Proposed Fund-Based Bank Limits CRISIL B- Stable
Janatha Steel Mills Private Limited Metals & Mining Letter of Credit (LC) CRISIL BB Stable
Letter of Credit Limit CRISIL A4+
Janatics India Private Limited Machinery Cash Credit Limit #
Letter of Credit and Bank Guarantee #
Janga Constructions Private Limited Construction & Engineering Proposed Long-Term Bank Facility CRISIL BB- Stable
Cash Credit Limit CRISIL BB- Stable
Bank Guarantee limit CRISIL A4+
Janhit Kari Sewa Samiti Co-operative Society Proposed Long-Term Bank Facility #
Jani Sales Private Limited Paper & Forest Products Cheque Discounting CRISIL BB+ Stable
Electronic Dealer Financing Scheme CRISIL BB+ Stable
Cash Credit Limit CRISIL BB+ Stable
Jankalyan Shiksha Vikas Sewa Samiti Food & Staples Retailing Proposed Long-Term Bank Facility CRISIL B- Stable
Janki Cotton Industries Textiles- Apparel & Luxury Goods Proposed Long-Term Bank Facility #
Warehouse Financing #
Term Loan Facilities #
Cash Credit Limit #
Janki Dass Rice Mills Food Products Cash Credit Limit CRISIL BB- Stable
Packing Credits CRISIL A4+
Janki Metal Strips Private Limited Metals & Mining Cash Credit Limit CRISIL BB- Stable
Long Term Bank Loan CRISIL BB- Stable
Bank Guarantee limit CRISIL A4+
Janki Newsprint Limited Paper & Forest Products Cash Credit Limit CRISIL BB Stable
Long Term Bank Loan CRISIL BB Stable
Foreign Letter of Credit CRISIL A4+
Bank Guarantee limit CRISIL A4+
Janki Rice and Solvent Industries Private Limited Food Products Cash Credit Limit #
Rupee Term Loans #
Janmani International Private Limited Distributors Letter of Credit (LC) #
Letter of Credit Limit #
Jansons Industries Limited Textiles- Apparel & Luxury Goods Long Term Bank Loan CRISIL BBB- Positive
Proposed Long-Term Bank Facility CRISIL BBB- Positive
Cash Credit Limit CRISIL BBB- Positive
Letter of Credit and Bank Guarantee CRISIL A3
Loan Equivalent Risk Limits CRISIL A3
Export Packing Credit limits CRISIL A3
Janta Roadways Private Limited Road & Rail Cash Credit Limit #
Over Draft #
Long Term Bank Loan #
Bank Guarantee limit #
Japan Metal Building System Private Limited Building Products Cash Credit Limit CRISIL B+ Stable
Proposed Long-Term Bank Facility CRISIL B+ Stable
Letter Of Guarantee CRISIL A4
Proposed Short Term Bank Facility CRISIL A4
Letter of Credit Limit CRISIL A4
Japtech Industries Auto Components Term Loan Facilities #
Cash Credit Limit #
Letter of Credit Limit #
Jas Polysack Private Limited Distributors Term Loan Facilities CRISIL B+ Stable
Cash Credit Limit CRISIL B+ Stable
Jasch Industries Limited Textiles- Apparel & Luxury Goods Term Loan Facilities CRISIL BBB Stable
Cash Credit Limit CRISIL BBB Stable
Stand by Line of Credit CRISIL BBB Stable
Bank Guarantee limit CRISIL A3+
Letter of Credit Limit CRISIL A3+
Jasleen Enterprises Household Durables Cash Credit Limit #
Working Capital Term Loan #
Long Term Bank Loan #
Jasmer Foods Private Limited Food Products Cash Credit Limit CRISIL C
Term Loan Facilities CRISIL C
Proposed Long-Term Bank Facility CRISIL C
Jasmin Infotech Private Limited Internet Software & Services Term Loan Facilities CRISIL BB+ Stable
Proposed Long-Term Bank Facility CRISIL BB+ Stable
Over Draft CRISIL BB+ Stable
Bank Guarantee limit CRISIL A4+
Jasmine Towels Private Limited Textiles- Apparel & Luxury Goods Proposed Fund-Based Bank Limits CRISIL BB Stable
Long Term Bank Loan CRISIL BB Stable
Foreign Bill Purchase Limit CRISIL A4+
Packing Credits CRISIL A4+
Letter of Credit Limit CRISIL A4+
Jasper Industries Private Limited Specialty Retail Long Term Bank Loan #
Proposed Long-Term Bank Facility #
Jassar Dental Medical Education Health Foundation Diversified Consumer Services Rupee Term Loans #
Over Draft #
Bank Guarantee limit #
Jasubhai Engineering Private Limited Machinery Proposed Long-Term Bank Facility CRISIL BB Stable
Term Loan Facilities CRISIL BB Stable
Cash Credit Limit CRISIL BB Stable
Letter of Credit Limit CRISIL A4+
Proposed Bank Guarantee CRISIL A4+
Proposed Letter of Credit CRISIL A4+
Bank Guarantee limit CRISIL A4+
Jasubhai Jewellers Private Limited Textiles- Apparel & Luxury Goods Term Loan Facilities #
Cash Credit Limit #
Proposed Short Term Bank Facility #
Jaswantsingh Oberoi Construction Private Limited Construction & Engineering Proposed Long-Term Bank Facility CRISIL BB+ Stable
Cash Credit Limit CRISIL BB+ Stable
Stand by Line of Credit CRISIL BB+ Stable
Term Loan Facilities CRISIL BB+ Stable
Bank Guarantee limit CRISIL A4+
Jatan Constructions Private Limited Construction & Engineering Cash Credit Limit CRISIL BB Stable
Bank Guarantee limit CRISIL A4+
Jatileshwar Rice Mills Private Limited Food Products Proposed Long-Term Bank Facility #
Jatin AND Company Distributors Proposed Long-Term Bank Facility CRISIL B- Stable
Packing Credits CRISIL A4
Letter of Credit Limit CRISIL A4
Bank Guarantee limit CRISIL A4
Jatinder Finance Private Limited Microfinance Long-Term Bank Facility CRISIL B+ Stable
Jatson Power Private Limited Electrical Equipment Term Loan Facilities CRISIL B+ Stable
Cash Credit Limit CRISIL B+ Stable
Proposed Long-Term Bank Facility CRISIL B+ Stable
Bank Guarantee limit CRISIL A4
Jaushna Steels India Private Limited Distributors Proposed Long-Term Bank Facility CRISIL BB- Stable
Cash Credit Limit CRISIL BB- Stable
Letter of Credit Limit CRISIL A4+
Javi Home Private Limited Household Durables Proposed Long-Term Bank Facility #
Foreign Bills Payable #
Packing Credits #
Jawahar Education Society Diversified Consumer Services Rupee Term Loans CRISIL B Stable
Jawahar Medical Foundation Diversified Consumer Services Over Draft CRISIL B+ Stable
Bank Guarantee limit CRISIL A4
Jawahar Saw Mills Private Limited Distributors Term Loan Facilities #
Cash Credit Limit #
Proposed Long-Term Bank Facility #
Jawahar Shethkari Sahakari Sakhar Karkhana Limited Food Products Cash Credit Limit #
Jawahar Shetkari Sahakari Soot Girni Limited Textiles- Apparel & Luxury Goods Cash Credit Limit CRISIL B- Stable
Proposed Long-Term Bank Facility CRISIL B- Stable
Bank Guarantee limit CRISIL A4
Letter of Credit Limit CRISIL A4
Jawaharlal Nehru Port Trust Transportation Infrastructure Tax Free Bond CRISIL AAA Stable
Corporate Credit Rating CCR AAA Stable
Jawaharlal and Sons Distributors Cash Credit Limit #
Letter of Credit Limit #
Jawandamal Dhannamal Marine Letter of Credit (LC) CRISIL BB+ Stable
Proposed Long-Term Bank Facility CRISIL BB+ Stable
Jawandsons Household Durables Export Packing Credit CRISIL BBB- Stable
Letter of Credit Limit CRISIL A3
Overdraft Facility CRISIL A3
Jaxx Vitrified Private Limited Building Products Rupee Term Loans #
Cash Credit Limit #
Bank Guarantee limit #
Jay Ambe Gowri Chem Limited Distributors Proposed Long-Term Bank Facility #
Cash Credit Limit #
Export Packing Credit limits #
Inland/Import Letter of Credit #
Jay Autocomponents Limited Auto Components Proposed Long-Term Bank Facility CRISIL BBB- Stable
Cash Credit Limit CRISIL BBB- Stable
Term Loan Facilities CRISIL BBB- Stable
Bill Discounting CRISIL BBB- Stable
Letter of Credit Limit CRISIL A3
Packing Credit in Foreign Currency CRISIL A3
Jay Bajrang Cotton Industries Textiles- Apparel & Luxury Goods Long Term Bank Loan CRISIL B Stable
Proposed Long-Term Bank Facility CRISIL B Stable
Cash Credit Limit CRISIL B Stable
Jay Bee Laminations Private Limited Electrical Equipment Term Loan Facilities CRISIL BBB Stable
Cash Credit Limit CRISIL BBB Stable
Letter of Credit Limit CRISIL A3+
Jay Bharat Dyeing and Printing Private Limited Textiles- Apparel & Luxury Goods Proposed Long-Term Bank Facility CRISIL BB+ Positive
Term Loan Facilities CRISIL BB+ Positive
Cash Credit Limit CRISIL BB+ Positive
Bank Guarantee limit CRISIL A4+
Letter of Credit Limit CRISIL A4+
Jay Bhavani Cottex Textiles- Apparel & Luxury Goods Cash Credit Limit #
Term Loan Facilities #
Proposed Long-Term Bank Facility #
Proposed Short Term Bank Facility #
Jay Bhavani Ginning Pressing And Oil Industries Engineering & Capital Goods Cash Credit Limit CRISIL B+ Stable
Jay Bhawani Metal Industries Auto Components Long Term Bank Loan #
Cash Credit Limit #
Letter of Credit Limit #
Jay Construction India Construction & Engineering Proposed Long-Term Bank Facility CRISIL BB- Stable
Jay Dwarkadhish Ginning & Oil Industries Textiles- Apparel & Luxury Goods Cash Credit Limit CRISIL BB- Stable
Cash Term Loan CRISIL BB- Stable
Proposed Long-Term Bank Facility CRISIL BB- Stable
Jay Formulations Limited Pharmaceuticals Term Loan Facilities #
Cash Credit Limit #
Proposed Long-Term Bank Facility #
Letter of Credit Limit #
Jay Gee Overseas Private Limited Household Durables Cash Credit Limit #
Proposed Long-Term Bank Facility #
Letter of Credit Limit #
Jay Iron and Steels Limited Metals & Mining Term Loan Facilities CRISIL D
Cash Credit Limit CRISIL D
Long Term Bank Loan CRISIL D
Bank Guarantee limit CRISIL D
Letter of Credit Limit CRISIL D
Jay Jagannath Steel and Power Limited Metals & Mining Cash Credit Limit CRISIL D
Term Loan Facilities CRISIL D
Working Capital Term Loan CRISIL D
Bank Guarantee limit CRISIL D
Jay Jagdamba Profile Private Limited Metals & Mining Cash Credit Limit CRISIL BB+ Stable
Term Loan Facilities CRISIL BB+ Stable
Export Bill Discounting CRISIL A4+
Packing Credits CRISIL A4+
Bank Guarantee limit CRISIL A4+
Jay Jalaram Hostel Diversified Consumer Services Term Loan Facilities #
Jay Jee Enterprises Chemicals Cash Credit Limit CRISIL BB Negative
Bank Guarantee limit CRISIL A4+
Bill Discounting Facility CRISIL A4+
Letter of Credit Limit CRISIL A4+
Jay Khodiyar Cotton Industries Textiles- Apparel & Luxury Goods Long Term Bank Loan CRISIL B Stable
Cash Credit Limit CRISIL B Stable
Jay Khodiyar Cotton Private Limited Textiles- Apparel & Luxury Goods Cash Credit Limit CRISIL B Stable
Working Capital Demand Loan CRISIL B Stable
SME Care CRISIL B Stable
Jay Mahakali Industries Engineering & Capital Goods Cash Term Loan CRISIL B- Stable
Proposed Long-Term Bank Facility CRISIL B- Stable
Cash Credit Limit CRISIL B- Stable
Jay Mahesh Sugar Industries Limited Food Products Term Loan Facilities #
Cash Credit Limit #
Jay Multti Tech Containers & Packaging Term Loan Facilities CRISIL B- Stable
Cash Credit Limit CRISIL B- Stable
Proposed Long-Term Bank Facility CRISIL B- Stable
Letter of Credit Limit CRISIL A4
Jay Ravechi Chemicals Pvt. Ltd. Distributors Proposed Working Capital Facility CRISIL B Stable
Jay Tarama Cold Storage Private Limited Commercial Services & Supplies Term Loan Facilities #
Proposed Long-Term Bank Facility #
Cash Credit Limit #
Jay Trading Corporation Distributors Proposed Long-Term Bank Facility CRISIL BB- Stable
Cash Credit Limit CRISIL BB- Stable
Jay Ushin Limited Auto Components Secured Overdraft against term deposits CRISIL BBB Stable
Foreign Currency Term Loan CRISIL BBB Stable
Term Loan Facilities CRISIL BBB Stable
Cash Credit Limit CRISIL BBB Stable
Sales Bill Discounting CRISIL A3+
Letter of Credit Limit CRISIL A3+
JayMangal Realities Real Estate Development Term Loan Facilities CRISIL BB- Stable
Jaya Educational Society Diversified Consumer Services Proposed Long-Term Bank Facility #
Jaya Hind Industries Limited Auto Components Cash Credit Limit CRISIL A Stable
Fixed Deposit FA+ Stable
Bank Guarantee limit CRISIL A1
Letter of Credit Limit CRISIL A1
Jaya Hind Montupet Private Limited Auto Components Term Loan Facilities CRISIL BBB- Stable
Jaya Nutritions Private Limited Food Products Cash Credit Limit CRISIL BB Stable
Long Term Bank Loan CRISIL BB Stable
Jaya Projects Limited Construction & Engineering Cash Credit Limit #
Jayaam Galvanizers Private Limited Machinery Term Loan Facilities CRISIL BB Stable
Cash Credit Limit CRISIL BB Stable
Jayabheri Automotives Private Limited Specialty Retail Cash Credit Limit CRISIL B- Stable
Term Loan Facilities CRISIL B- Stable
Jayabheri Properties Private Limited Real Estate Development Proposed Long-Term Bank Facility CRISIL BB- Stable
Jayachandra Bearings India Private Limited Distributors Proposed Long-Term Bank Facility CRISIL BB- Stable
Stand by Line of Credit CRISIL BB- Stable
Cash Credit Limit CRISIL BB- Stable
Jayachandran Alloys Private Limited Metals & Mining Long Term Bank Loan CRISIL BB- Stable
Cash Credit Limit CRISIL BB- Stable
Bill Discounting Facility CRISIL A4+
Foreign Bill Negotiation CRISIL A4+
Jayachandran Industries Private Limited Electrical Equipment Bill Discounting CRISIL B Stable
Term Loan Facilities CRISIL B Stable
Proposed Working Capital Facility CRISIL B Stable
Cash Credit Limit CRISIL B Stable
Foreign Bill Negotiation CRISIL A4
Jayaho Agri Ventures Private Limited Distributors Cash Credit Limit CRISIL D
Jayalakshmi Alloys India Private Limited Metals & Mining Cash Credit Limit #
Medium Term Loan #
Letter of Credit Limit #
Jayalakshmi Poly Packs Private Limited Containers & Packaging Proposed Cash Credit Limit CRISIL B- Stable
Cash Credit Limit CRISIL B- Stable
Long Term Bank Loan CRISIL B- Stable
Proposed Letter of Credit CRISIL A4
Bank Guarantee limit CRISIL A4
Letter of Credit Limit CRISIL A4
Jayalakshmi Sea Foods Private Limited Food Products Letter of Credit (LC) #
Packing Credit #
Bank Guarantee #
Jayalakshmi Textiles Private Limited Engineering & Capital Goods Proposed Long-Term Bank Facility CRISIL BB- Stable
Term Loan Facilities CRISIL BB- Stable
Cash Credit Limit CRISIL BB- Stable
Bank Guarantee limit CRISIL A4+
Jayant Agro-Organics Limited Chemicals Export Packing Credit CRISIL BBB+ Stable
Foreign Bill Discounting Limit CRISIL BBB+ Stable
Standby Fund-based Working Capital CRISIL BBB+ Stable
Long Term Bank Loan CRISIL BBB+ Stable
Proposed Long-Term Bank Facility CRISIL BBB+ Stable
Standby Export Packing Credit CRISIL A2
Pre Shipment Finance CRISIL A2
Bank Guarantee limit CRISIL A2
Inland/Import Letter of Credit CRISIL A2
Letter of Credit Limit CRISIL A2
Pre Shipment Credit CRISIL A2
Packing Credits CRISIL A2
Jayant K. Furnishers Construction & Engineering Cash Credit Limit #
Bank Guarantee limit #
Jayant Printery LLP Commercial Services & Supplies Cash Credit Limit CRISIL B+ Stable
Bank Guarantee limit CRISIL A4
Jayant Vitamins Limited Others Non Convertible Debenture @
Jayanth Industries Food Products Stand by Line of Credit CRISIL B+ Stable
Term Loan Facilities CRISIL B+ Stable
Cash Credit Limit CRISIL B+ Stable
Proposed Long-Term Bank Facility CRISIL B+ Stable
Jayanthi Agro Industries Food Products Proposed Cash Credit Limit CRISIL BB- Stable
Proposed Long-Term Bank Facility CRISIL BB- Stable
Proposed Working Capital Facility CRISIL BB- Stable
Jayanthi Exports Food Products Post Shipment Credit CRISIL D
Proposed Short Term Bank Facility CRISIL D
Packing Credits CRISIL D
Jayanthi Garments Textiles- Apparel & Luxury Goods Cash Credit Limit #
Bill Discounting Facility #
Packing Credits #
Jayanthi Textile Products Textiles- Apparel & Luxury Goods Term Loan Facilities CRISIL BB- Stable
Jayapriya Chit Funds Private Limited Non Banking Financial Company Long Term Bank Loan CRISIL B+ Stable
Over Draft CRISIL B+ Stable
Proposed Long-Term Bank Facility CRISIL B+ Stable
Jayaraj Automobile Agency Specialty Retail Inventory Funding CRISIL BB+ Stable
Jayaraj International Private Limited Distributors Cash Credit/ Overdraft facility CRISIL B+ Stable
Letter of Credit Limit CRISIL A4
Jayatma Informatics Private Limited Software Cash Credit Limit CRISIL BB Stable
Letter of Credit Limit CRISIL A4+
Bank Guarantee limit CRISIL A4+
Jayavarma Textiles Private Limited Textiles- Apparel & Luxury Goods Proposed Long-Term Bank Facility CRISIL BBB Negative
Cash Credit Limit CRISIL BBB Negative
Foreign Bill Discounting Limit CRISIL BBB Negative
Jayavel Processing Mill Textiles- Apparel & Luxury Goods Proposed Long-Term Bank Facility CRISIL B+ Stable
Long Term Bank Loan CRISIL B+ Stable
Jayawanti Babu Foundation Diversified Consumer Services Term Loan Facilities CRISIL D
Jaydev Constructions Private Limited Construction & Engineering Proposed Long-Term Bank Facility #
Over Draft #
Jayesh Distributors Trading Companies & Distributors Cash Credit Limit CRISIL BB Stable
Export Packing Credit limits CRISIL A4+
Jayesh Industries Limited Metals & Mining Cash Credit Limit CRISIL B- Stable
Stand by Line of Credit CRISIL B- Stable
Proposed Long-Term Bank Facility CRISIL B- Stable
Buyers Credit CRISIL B- Stable
Bank Guarantee limit CRISIL A4
Jayesh Oil Trade Private Limited Distributors Cash Credit Limit #
Working Capital Demand Loan #
Jayesh Tradex Private Limited Pharmaceuticals Cash Credit Limit CRISIL BB Stable
Proposed Long-Term Bank Facility CRISIL BB Stable
Letter of Credit Limit CRISIL A4+
Jayesh Umakant Nehete Construction & Engineering Cash Credit Limit CRISIL B Stable
Bank Guarantee limit CRISIL A4
Jaykishan Fibre Private Limited Textiles- Apparel & Luxury Goods Warehouse Financing #
Cash Credit Limit #
Rupee Term Loans #
Jaypee Alloy and Castings Private Limited Distributors Cash Credit Limit #
Proposed Long-Term Bank Facility #
Letter of Credit Limit #
Bank Guarantee limit #
Jaypee Projects Limited Construction & Engineering Cash Credit Limit CRISIL BB Stable
Proposed Long-Term Bank Facility CRISIL BB Stable
Bank Guarantee limit CRISIL A4+
Jayprabhu Industries LLP Textiles- Apparel & Luxury Goods Proposed Long-Term Bank Facility CRISIL BB- Stable
Cash Credit Limit CRISIL BB- Stable
Term Loan Facilities CRISIL BB- Stable
Bank Guarantee limit CRISIL A4+
Jayshree Enterprises Chemicals Cash Credit Limit CRISIL BB- Stable
Letter of Credit Limit CRISIL A4+
Jayshree Enterprises - Pune Auto Components Proposed Term Loan CRISIL B+ Stable
Jayshri Ginning and Spinning Private Limited Textiles- Apparel & Luxury Goods Proposed Long-Term Bank Facility #
Cash Credit Limit #
Jayshri Impex Textiles- Apparel & Luxury Goods Term Loan Facilities CRISIL BB Stable
Proposed Long-Term Bank Facility CRISIL BB Stable
Packing Credits CRISIL A4+
Jaysynth Dyechem Ltd. Others Non Convertible Debenture @
Jeans Knit Private Limited Textiles- Apparel & Luxury Goods Proposed Long-Term Bank Facility CRISIL A Stable
Proposed Short Term Bank Facility CRISIL A1
Buyers Credit Limit CRISIL A1
Export Packing Credit limits CRISIL A1
Jeevaka Industries Private Limited Metals & Mining Proposed Long-Term Bank Facility CRISIL BBB- Negative
Cash Credit Limit CRISIL BBB- Negative
Letter of Credit Limit CRISIL A3
Jeevan Construction Company Construction & Engineering Cash Credit Limit CRISIL BB Stable
Bank Guarantee limit CRISIL A4+
Jeevan Jyoti Health Care and Research Centre Private Limited Health Care Providers & Services Proposed Long-Term Bank Facility CRISIL B+ Stable
Jeevandas Laljee and Son Distributors Cash Credit Limit #
Bank Guarantee limit #
Jehan Numa Palace Hotel Private Limited Hotels Restaurants & Leisure Proposed Long-Term Bank Facility CRISIL BBB Stable
Jekay International Track Private Limited Metals & Mining Cash Credit Limit CRISIL BBB+ Stable
Packing Credits CRISIL A2
Bank Guarantee limit CRISIL A2
Jenam Enterprises Private Limited Distributors Proposed Long-Term Bank Facility CRISIL BB- Stable
Cash Credit Limit CRISIL BB- Stable
Inland/Import Letter of Credit CRISIL A4+
Jennex Granite Industries Private Limited Building Products Proposed Long-Term Bank Facility CRISIL BB- Stable
Foreign Bill Discounting Limit CRISIL BB- Stable
Post Shipment Credit CRISIL A4+
Inland/Import Letter of Credit CRISIL A4+
Import Letter of Credit Limit CRISIL A4+
Jerusalem Educational Trust Diversified Consumer Services Term Loan Facilities CRISIL BB+ Stable
Jessica Jewels and Fashion Private Limited Textiles- Apparel & Luxury Goods Packing Credit #
Jessop and Co Limited Machinery Cash Credit Limit #
Bank Guarantee limit #
Letter of Credit Limit #
Jesus Loves Diversified Consumer Services Long Term Bank Loan CRISIL B Stable
Jet Fibre India Private Limited Machinery Proposed Long-Term Bank Facility CRISIL BB Stable
Stand by Line of Credit CRISIL BB Stable
Long Term Bank Loan CRISIL BB Stable
Cash Credit Limit CRISIL BB Stable
Letter of Credit Limit CRISIL A4+
Bank Guarantee limit CRISIL A4+
Jet Granito Private Limited Building Products Cash Credit Limit CRISIL BB Stable
Term Loan Facilities CRISIL BB Stable
Bank Guarantee limit CRISIL A4+
Jet Knitwears Private Limited Textiles- Apparel & Luxury Goods Term Loan Facilities CRISIL BB- Stable
Stand by Line of Credit CRISIL BB- Stable
Cash Credit Limit CRISIL BB- Stable
Jetair Private Limited Hotels Restaurants & Leisure Proposed Long-Term Bank Facility CRISIL BB- Stable
Cash Credit Limit CRISIL BB- Stable
Bank Guarantee limit CRISIL A4+
Jewar Kothi Jewellers Private Limited Textiles- Apparel & Luxury Goods Cash Credit Limit #
Jewel Cast Textiles- Apparel & Luxury Goods Gold-On-Loan CRISIL B Stable
Jewel India Private Limited Engineering & Capital Goods Packing Credits CRISIL A4+
Standby Letter Of Credit CRISIL A4+
Jewel Overseas Private Limited Trading Companies & Distributors Cash Credit Limit #
Letter of Credit Limit #
Jewel World Textiles- Apparel & Luxury Goods Cash Credit Limit CRISIL B+ Stable
Jewelex International Private Limited Textiles- Apparel & Luxury Goods Cash Credit Limit #
Proposed Short Term Bank Facility #
Bank Guarantee limit #
Post Shipment Credit #
Packing Credits #
Jeya Sathya Agro Food Products Private Limited Food Products Cash Credit Limit CRISIL B- Stable
Jeyachandran Industries Private Limited Specialty Retail Cash Credit Limit CRISIL BBB Stable
Jeyavishnu Spintex Private Limited Textiles- Apparel & Luxury Goods Cash Credit Limit #
Term Loan Facilities #
Letter of Credit Limit #
Letter Of Guarantee #
Jhajjar Power Limited Independent Power Producers & Energy Traders Fund based limits #
Long Term Bank Loan #
Proposed Long-Term Bank Facility #
Non-Fund Based Limit #
Jhamb Enterprises Private Limited Engineering & Capital Goods Proposed Long-Term Bank Facility #
Cash Credit Limit #
Letter of Credit Limit #
Jhanwar Industries Food Products Cash Credit Limit #
Jhanwar Rice and Dall Mill Food Products Cash Credit Limit CRISIL B+ Stable
Warehouse Receipts CRISIL B+ Stable
Term Loan Facilities CRISIL B+ Stable
Proposed Long-Term Bank Facility CRISIL B+ Stable
Jharkhand Ispat Private Limited Metals & Mining Cash Credit Limit #
Proposed Long-Term Bank Facility #
Bank Guarantee limit #
Letter of Credit Limit #
Jharkhand Mega Food Park Private Limited Real Estate Development Long Term Bank Loan CRISIL B Stable
Jhaveri Flexo India Limited Containers & Packaging Long Term Bank Loan CRISIL BB+ Stable
Corporate Loan CRISIL BB+ Stable
Cash Credit Limit CRISIL BB+ Stable
Letter of Credit Limit CRISIL A4+
Bank Guarantee limit CRISIL A4+
Jhunjhunwala Oil Mills Limited Food Products Stand by Line of Credit CRISIL D
Term Loan Facilities CRISIL D
Cash Credit Limit CRISIL D
Proposed Long-Term Bank Facility CRISIL D
Letter of Credit Limit CRISIL D
Jia Auto Sales Private Limited Specialty Retail Term Loan Facilities #
Cash Credit - Stock #
Cash Credit Limit #
Bank Guarantee limit #
Jibika Rice Mill Private Limited Food Products Term Loan Facilities #
Cash Credit Limit #
Bank Guarantee limit #
Jics Logistic Limited Commercial Services & Supplies Over Draft #
Bank Guarantee limit #
Jin Plast India Limited Containers & Packaging Cash Credit Limit CRISIL D
Long Term Bank Loan CRISIL D
Letter of Credit Limit CRISIL D
Jinaam Dress Private Limited Textiles- Apparel & Luxury Goods Term Loan Facilities CRISIL BBB- Stable
Proposed Long-Term Bank Facility CRISIL BBB- Stable
Cash Credit Limit CRISIL BBB- Stable
Bank Guarantee limit CRISIL A3
Jindal Agro International Distributors Cash Credit Limit #
Bank Guarantee limit #
Jindal Agro Mills Private Limited Distributors Proposed Long-Term Bank Facility CRISIL B+ Stable
Cash Credit Limit CRISIL B+ Stable
Letter of Credit Limit CRISIL A4
Jindal Aluminium Limited. Metals & Mining Buyers Credit CRISIL AA- Stable
External Commercial Borrowing CRISIL AA- Stable
Cash Credit Limit CRISIL AA- Stable
Letter of Credit and Bank Guarantee CRISIL A1+
Commercial Paper CRISIL A1+
Jindal Charitable Society Diversified Consumer Services Over Draft #
Term Loan Facilities #
Proposed Long-Term Bank Facility #
Jindal Chawal Nigam Food Products Cash Credit Limit #
Packing Credits #
Jindal Fibres Limited Textiles- Apparel & Luxury Goods Cash Credit Limit CRISIL BB- Stable
Rupee Term Loans CRISIL BB- Stable
Letter of Credit Limit CRISIL A4+
Jindal Fine Industries Automobiles Foreign Bill Purchase CRISIL B Stable
Proposed Long-Term Bank Facility CRISIL B Stable
Cash Credit Limit CRISIL B Stable
Letter of Credit Limit CRISIL A4
Packing Credits CRISIL A4
Jindal Hotels Limited Hotels Restaurants & Leisure Term Loan Facilities CRISIL BBB- Stable
Proposed Long-Term Bank Facility CRISIL BBB- Stable
Cash Credit Limit CRISIL BBB- Stable
Letter of Credit Limit CRISIL A3
Jindal House Distributors Cash Credit Limit CRISIL BB+ Stable
Jindal India Limited Machinery Cash Credit Limit #
Proposed Long-Term Bank Facility #
Long Term Bank Loan #
Letter of Credit Limit #
Packing Credits #
Jindal Industries Private Limited Machinery Letter of Credit and Bank Guarantees CRISIL A- Positive
Cash Credit Limit CRISIL A- Positive
Commercial Paper CRISIL A1
Letter of Credit and Bank Guarantee CRISIL A1
Jindal Nickel and Alloys Limited Distributors Cash Credit Limit #
Jindal Overseas Corporation Distributors Cash Credit Limit #
Letter of Credit and Bank Guarantee #
Jindal Pipes Limited Machinery Cash Credit Limit CRISIL A+ Stable
Proposed Long-Term Bank Facility CRISIL A+ Stable
Letter of Credit Limit CRISIL A1+
Bank Guarantee limit CRISIL A1+
Jindal Poly Films Limited Containers & Packaging Rupee Term Loans CRISIL A+ Negative
Non Convertible Debenture CRISIL A+ Negative
Cash Credit Limit CRISIL A+ Negative
Letter of Credit Limit CRISIL A1
Commercial Paper CRISIL A1
Jindal Rolling Mills Limited Metals & Mining Cash Credit Limit CRISIL BB- Stable
Jindal Soft Italia Seating Private Limited Auto Components Corporate Loan CRISIL BB- Stable
Proposed Long-Term Bank Facility CRISIL BB- Stable
Term Loan Facilities CRISIL BB- Stable
Cash Credit Limit CRISIL BB- Stable
Letter of Credit and Bank Guarantee CRISIL A4+
Jindal Spinning Mills Limited Textiles- Apparel & Luxury Goods Cash Credit Limit CRISIL B+ Stable
Foreign Bill Purchase CRISIL B+ Stable
Packing Credits CRISIL A4
Jindal Steel and Power Limited Metals & Mining Non Convertible Debenture CRISIL D
Term Loan Facilities CRISIL D
Cash Credit Limit CRISIL D
Proposed Long-Term Bank Facility CRISIL D
Proposed Cash Credit Limit CRISIL D
Letter of Credit Limit CRISIL D
Commercial Paper CRISIL D
Proposed Letter of Credit CRISIL D
Proposed Short Term Bank Facility CRISIL D
Jindal Steels Distributors Proposed Long-Term Bank Facility #
Stand by Line of Credit #
Cash Credit Limit #
Jindal Super Dall Mills Distributors Cash Credit Limit #
Letter of Credit Limit #
Jindal Timber and Plywood Private Limited. Distributors Proposed Long-Term Bank Facility #
Cash Credit Limit #
Letter of Credit Limit #
Jindal Wood Products Private Limited Distributors Cash Credit Limit CRISIL B+ Stable
Letter of Credit Limit CRISIL A4
Packing Credits CRISIL A4
Jindal Worldwide Limited Textiles- Apparel & Luxury Goods Cash Credit Limit CRISIL BBB Positive
Proposed Long-Term Bank Facility CRISIL BBB Positive
Term Loan Facilities CRISIL BBB Positive
Letter of Credit Limit CRISIL A3+
Jineshwar Engineers (Civil) Private Limited Construction & Engineering Cash Credit Limit #
Bank Guarantee limit #
Jinnah Shajahan Exports Distributors Cash Credit Limit CRISIL B Stable
Foreign Demand Bill Purchase CRISIL A4
Jiteen Engineering Works Auto Components Proposed Long-Term Bank Facility CRISIL B+ Stable
Cash Credit Limit CRISIL B+ Stable
Proposed Cash Credit Limit CRISIL B+ Stable
Term Loan Facilities CRISIL B+ Stable
Jitender Roller Flour Mills Food Products Cash Credit Limit #
Jivanlal Joitaram Patel Construction & Engineering Cash Credit Limit #
Bank Guarantee limit #
Jivraj Coke Private Limited Oil Gas & Consumable Fuels Proposed Long-Term Bank Facility #
Cash Credit Limit #
Term Loan Facilities #
Letter of Credit Limit #
Jivraj Tea Limited Food Products Cash Credit Limit CRISIL BBB Negative
Term Loan Facilities CRISIL BBB Negative
Bank Guarantee limit CRISIL A3+
Letter of Credit Limit CRISIL A3+
Jiwan Polycot Engineering & Capital Goods Cash Credit Limit #
Term Loan Facilities #
Letter of Credit Limit #
Jiwan Textile Textiles- Apparel & Luxury Goods Proposed Long-Term Bank Facility #
Term Loan Facilities #
Cash Credit Limit #
Jiwanram Sheoduttrai Industries Private Limited Textiles- Apparel & Luxury Goods Term Loan Facilities CRISIL BB+ Negative
Packing Credits CRISIL A4+
Letter of Credit Limit CRISIL A4+
Foreign Bill Discounting CRISIL A4+
Proposed Short Term Bank Facility CRISIL A4+
Bank Guarantee limit CRISIL A4+
Jiwansaagaar Realty Private Limited Real Estate Development Term Loan Facilities CRISIL B+ Stable
Jiwarajka Textile Industries Textiles- Apparel & Luxury Goods Cash Credit Limit CRISIL BBB Stable
Proposed Long-Term Bank Facility CRISIL BBB Stable
Term Loan Facilities CRISIL BBB Stable
Bank Guarantee limit CRISIL A3+
Jobby Engineers Private Limited Machinery Proposed Long-Term Bank Facility CRISIL BBB- Stable
Cash Credit Limit CRISIL BBB- Stable
Letter of Credit Limit CRISIL A3
Bank Guarantee limit CRISIL A3
Jodhani Exports Textiles- Apparel & Luxury Goods Packing Credits #
Post Shipment Credit #
Proposed Short Term Bank Facility #
Jodhpur Health Care Private Limited Health Care Providers & Services Proposed Long-Term Bank Facility CRISIL BB- Stable
Term Loan Facilities CRISIL BB- Stable
Bank Guarantee limit CRISIL A4+
Jogani Exports Textiles- Apparel & Luxury Goods Post Shipment Credit #
Packing Credits #
Proposed Short Term Bank Facility #
Jogma Laminates Industry Private Limited Construction Materials Proposed Long-Term Bank Facility CRISIL B- Stable
Term Loan Facilities CRISIL B- Stable
Cash Credit Limit CRISIL B- Stable
Johal and Co. (Wine Sales) Private Limited Distributors Cash Credit Limit #
Stand by Line of Credit #
Johar Automobiles Specialty Retail Over Draft CRISIL B- Stable
Johar Petro Distributors Over Draft CRISIL B+ Stable
Joharilal Agarwala Sales Private Limited Containers & Packaging Cash Credit Limit #
Bank Guarantee limit #
John Saw Mill Private Limited Distributors Cash Credit Limit CRISIL BB- Stable
Inland/Import Letter of Credit CRISIL A4+
Johns Umbrella Mart Textiles- Apparel & Luxury Goods Long Term Bank Loan CRISIL BB+ Stable
Cash Credit Limit CRISIL BB+ Stable
Johnson Agritech and Farms Private Limited Food Products Term Loan Facilities #
Cash Credit Limit #
Johnson Jewellers Textiles- Apparel & Luxury Goods Cash Credit Limit CRISIL B+ Stable
Johnson Matthey Chemicals India Private Limited Chemicals Working Capital Demand Loan #
Johnson Matthey India Private Limited Auto Components Working Capital Demand Loan #
Jolly Board Limited Construction Materials Cash Credit Limit CRISIL BBB Stable
Foreign Bill Purchase CRISIL BBB Stable
Corporate Loan CRISIL BBB Stable
Term Loan Facilities CRISIL BBB Stable
Bank Guarantee limit CRISIL A3+
Letter of Credit Limit CRISIL A3+
Jolly Enterprise Textiles- Apparel & Luxury Goods Proposed Long-Term Bank Facility #
Cash Credit Limit #
Jolly Spinning Mills Private Limited Textiles- Apparel & Luxury Goods Cash Credit Limit CRISIL BB- Stable
Proposed Long-Term Bank Facility CRISIL BB- Stable
Term Loan Facilities CRISIL BB- Stable
Bank Guarantee limit CRISIL A4+
Jomsons Enterprises (India) Private Limited Distributors Cash Credit Limit CRISIL B+ Stable
Long Term Bank Loan CRISIL B+ Stable
Joneja Bright Steels Private Limited Metals & Mining Proposed Long-Term Bank Facility #
Cash Credit Limit #
Rupee Term Loans #
Letter of Credit Limit #
Bill Purchase-Discounting Facility #
Jonson Rubber Industries Limited Machinery Proposed Long-Term Bank Facility CRISIL BB- Stable
Term Loan Facilities CRISIL BB- Stable
Cash Credit Limit CRISIL BB- Stable
Bank Guarantee limit CRISIL A4+
Packing Credits CRISIL A4+
Letter of Credit Bill Discounting CRISIL A4+
Joonktollee Tea and Industries Limited Food Products Term Loan Facilities CRISIL BBB- Negative
Proposed Long-Term Bank Facility CRISIL BBB- Negative
Cash Credit Limit CRISIL BBB- Negative
Short-Term Loan CRISIL A3
Bank Guarantee limit CRISIL A3
Overdraft Facility CRISIL A3
Jorawar Engineering and Foundry Forge Private Limited Metals & Mining Term Loan Facilities #
Cash Credit Limit #
Bank Guarantee limit #
Letter of Credit Limit #
Josan Foods Private Limited Food Products Cash Credit Limit CRISIL D
Proposed Long-Term Bank Facility CRISIL D
Term Loan Facilities CRISIL D
Warehouse Receipts CRISIL D
Josan Industries Food Products Cash Credit Limit CRISIL B+ Stable
Warehouse Financing CRISIL B+ Stable
Josan Rice Mills Food Products Warehouse Financing CRISIL B+ Stable
Cash Credit Limit CRISIL B+ Stable
Josco Fashion Jewellers Engineering & Capital Goods Cash Credit Limit CRISIL BBB- Negative
Short-Term Loan CRISIL A3
Josco Jewellers Private Limited Engineering & Capital Goods Cash Credit Limit CRISIL BBB- Negative
Proposed Cash Credit Limit CRISIL BBB- Negative
Joseph Leslie Dynamiks Manufacturing Private Limited Trading Companies & Distributors Cash Credit Limit #
Proposed Long-Term Bank Facility #
Bank Guarantee limit #
Joseph Rubbers (India) Private Limited Auto Components Long Term Bank Loan CRISIL B+ Stable
Cash Credit Limit CRISIL B+ Stable
Joshi Cotex Textiles- Apparel & Luxury Goods Cash Credit Limit CRISIL B+ Stable
Term Loan Facilities CRISIL B+ Stable
Jotesriram Himghar Private Limited Commercial Services & Supplies Working Capital Loan (LT) CRISIL B Stable
Long Term Bank Loan CRISIL B Stable
Cash Credit Limit CRISIL B Stable
Bank Guarantee limit CRISIL A4
Joy Guru Cold Storage Private Limited Commercial Services & Supplies Cash Credit Limit #
Term Loan Facilities #
Joy Infrastructure Real Estate Development Term Loan Facilities CRISIL BB- Stable
Joy Mahapravu Cold Storage Private Limited Commercial Services & Supplies Cash Credit Limit #
Proposed Long-Term Bank Facility #
Working Capital Loans #
Joya Engineering Industries Machinery Cash Credit Limit #
Bank Guarantee limit #
Joyalukkas India Private Limited Engineering & Capital Goods Proposed Working Capital Facility CRISIL A- Positive
Working Capital Demand Loan CRISIL A- Positive
Long Term Bank Loan CRISIL A- Positive
Joyalukkas Lifestyle Developers Private Limited Real Estate Development Cash Credit Limit CRISIL BBB- Negative
Joyguru Cold Storage Private Limited Commercial Services & Supplies Cash Credit Limit CRISIL B- Stable
Working Capital Loan (LT) CRISIL B- Stable
Term Loan Facilities CRISIL B- Stable
Bank Guarantee limit CRISIL A4
Joyo Plastics Household Durables Rupee Term Loans #
Cash Credit Limit #
Stand by Line of Credit #
Letter of Credit Limit #
Bank Guarantee limit #
Jsons Foundry Private Limited Metals & Mining Term Loan Facilities CRISIL BBB- Stable
Cash Credit Limit CRISIL BBB- Stable
Inland/Import Letter of Credit CRISIL A3
Jubilee Infratech Private Limited Real Estate Development Term Loan Facilities CRISIL B Stable
Jublee Hill Resorts Limited Hotels Restaurants & Leisure Cash Credit Limit #
Proposed Long-Term Bank Facility #
Long Term Bank Loan #
Bank Guarantee limit #
Jugal Kishore Kashmiri Lal Paper & Forest Products Cash Credit Limit #
Letter of Credit Limit #
Jugal Kishore Mahanta Construction & Engineering Cash Credit Limit CRISIL BB+ Stable
Bank Guarantee limit CRISIL A4+
Jugalkishore Ramkishan Agrawal Infrastructure Private Limited Construction & Engineering Cash Credit Limit CRISIL BB+ Stable
Bank Guarantee limit CRISIL A4+
Jugendra Singh AND Co. Construction & Engineering Over Draft #
Bank Guarantee limit #
Juhu Beach Resorts Limited Hotels Restaurants & Leisure Cash Credit Limit CRISIL A Stable
Proposed Long-Term Bank Facility CRISIL A Stable
External Commercial Borrowing CRISIL A Stable
Term Loan Facilities CRISIL A Stable
Bank Guarantee limit CRISIL A1
Jujhar Constructions and Travels Private Limited Road & Rail Cash Credit Limit CRISIL BB- Stable
Jumax Foam Private Limited Household Durables Cash Credit Limit CRISIL BB Stable
Foreign Exchange Forwards CRISIL A4+
Jumbo Bag Limited Containers & Packaging Foreign Bill Discounting Limit CRISIL B+ Stable
Proposed Long-Term Bank Facility CRISIL B+ Stable
Cash Credit Limit CRISIL B+ Stable
Stand by Line of Credit CRISIL B+ Stable
Bank Guarantee limit CRISIL A4
Letter of Credit Limit CRISIL A4
Jumbo Fireworks India Private Limited Chemicals Cash Credit Limit CRISIL BB- Stable
Jumbo Roofings and Tiles Construction Materials Term Loan Facilities #
Cash Credit Limit #
Letter of Credit Limit #
Junagadh Power Projects Private Limited Independent Power Producers & Energy Traders Proposed Cash Credit Limit #
Term Loan Facilities #
Junaid Enterprises Construction & Engineering Proposed Long-Term Bank Facility CRISIL B Stable
Cash Credit Limit CRISIL B Stable
Proposed Short Term Bank Facility CRISIL A4
Bank Guarantee limit CRISIL A4
Juneja Agro Farms Food Products Proposed Long-Term Bank Facility CRISIL B Stable
Juneja Construction Pvt. Ltd. Construction & Engineering Cash Credit Limit CRISIL BB- Stable
Bank Guarantee limit CRISIL A4+
Juniper Constructions Private Limited Construction & Engineering Cash Credit Limit CRISIL BB- Stable
Proposed Cash Credit Limit CRISIL BB- Stable
Proposed Long-Term Bank Facility CRISIL BB- Stable
Term Loan Facilities CRISIL BB- Stable
Bank Guarantee limit CRISIL A4+
Jupax Vanijya Private Limited Distributors Cash Credit Limit CRISIL BB Stable
Jupiter Alloys and Steel India Limited Machinery Proposed Long-Term Bank Facility CRISIL BBB Stable
Term Loan Facilities CRISIL BBB Stable
Cash Credit Limit CRISIL BBB Stable
Bank Guarantee limit CRISIL A3+
Letter of Credit Limit CRISIL A3+
Jupiter Buildtech Private Limited Real Estate Development Rupee Term Loans CRISIL B Stable
Jupiter Dyechem Private Limited Distributors Letter of Credit Limit CRISIL A3+
Cheque Purchase CRISIL A3+
Jupiter Knitting Company Textiles- Apparel & Luxury Goods Term Loan Facilities CRISIL BB- Stable
Proposed Long-Term Bank Facility CRISIL BB- Stable
Working Capital Term Loan CRISIL BB- Stable
Export Packing Credit limits CRISIL A4+
Foreign Bill Discounting CRISIL A4+
Letter of Credit Limit CRISIL A4+
Bank Guarantee limit CRISIL A4+
Jupiter Wagons Limited Machinery Cash Credit Limit CRISIL BBB Stable
Corporate Loan CRISIL BBB Stable
Letter of Credit Limit CRISIL A3+
Bank Guarantee limit CRISIL A3+
Just Click Travels Private Limited Hotels Restaurants & Leisure Overdraft Facility CRISIL A4+
Bank Guarantee limit CRISIL A4+
Just Textiles Limited Textiles- Apparel & Luxury Goods Long Term Bank Loan CRISIL D
Cash Credit Limit CRISIL D
Letter of Credit Limit CRISIL D
Jyot Overseas Private Limited Pharmaceuticals Proposed Long-Term Bank Facility #
Cash Credit Limit #
Bill Purchase-Discounting Facility #
Export Packing Credit limits #
Standby Line Of Credit #
Jyothi Granite Exports India Private Limited Building Products Cash Credit Limit CRISIL BB- Stable
Long Term Bank Loan CRISIL BB- Stable
Proposed Long-Term Bank Facility CRISIL BB- Stable
Packing Credits CRISIL A4+
Foreign Letter of Credit CRISIL A4+
Jyoti Apparels Textiles- Apparel & Luxury Goods Foreign Bill Discounting CRISIL A3
Proposed Short Term Bank Facility CRISIL A3
Packing Credit in Foreign Currency CRISIL A3
Jyoti Construction Construction & Engineering Proposed Long-Term Bank Facility CRISIL BB- Stable
Cash Credit Limit CRISIL BB- Stable
Bank Guarantee limit CRISIL A4+
Jyoti Cotspin Limited Engineerin