C A V COTTON MILLS PRIVATE LIMITED,U17115TZ1987PTC002014,Active,finance@cavmills.in,"VELLAPOMMANPATTY,VADAMADURAITRICHY ROADVADAMADURAI696TN",28 July 1987,"28 years, 9 month, 16 days","60,000,000","60,000,000",Yes,https://www.zaubacorp.com/company/C-A-V-COTTON-MILLS-PRIVATE-LIMITED/U17115TZ1987PTC002014
C B & SONS CONSTRUCTIONS PRIVATE LIMITED,U45202MH2010PTC208815,Active,snagaral@gmail.com,"PLOT NO.71, D-1, NANDAR C.H.S.LTD.RCS-21, GORAI- 1BORIVALI (W)598MH",10 October 2010,"5 years, 7 month, 3 days","20,000,000","10,080,000",No,Not Applicable
C DOCTOR AND COMPANY PRIVATE LIMITED,U74999GJ1944PTC077348,Active,vkthakkar@cdoctorindia.com,"NTPC,SIPAT SITE,BILASPURBILASPUR491CG",09 February 1944,"72 years, 3 month, 4 days","7,500,000","7,500,000",Yes,https://www.zaubacorp.com/company/C-DOCTOR-AND-COMPANY-PRIVATE-LIMITED/U74999GJ1944PTC077348
C H JEWELLERS PRIVATE LIMITED,U36911GJ2001PTC039772,Active,accounts@chjewellers.co.in,18/19 PANORAMA COMPLEXALKAPURIVADODARA566GJ,12 July 2001,"14 years, 10 month, 1 days","100,000,000","91,000,000",No,Not Applicable
I A AND I C PRIVATE LIMITED,U24139MH1962PTC012366,Active,cosec@jik.co.in,"16, GUNDECHA CHAMBERSNAGINDAS MASTER RD, FORT 599MH",30 May 1962,"53 years, 11 month, 14 days","10,000,000","8,718,000",No,Not Applicable
C L GUPTA EXPORTS LIMITED,U74999DL2004PLC125090,Active,PANKAJ@CLGUPTA.COM,DELHI ROADJYOTIBA PHULE NAGARJYOTIBA PHULE NAGAR230UP,10 March 2004,"12 years, 2 month, 3 days","150,000,000","100,000,000",Yes,https://www.zaubacorp.com/company/C-L-GUPTA-EXPORTS-LIMITED/U74999DL2004PLC125090
C M SMITH AND SONS LIMITED,U17297GJ1998PLC034205,Active,info@cmsmith.in,"SARVEY NO 70/71,VILL ZAK,TALDEHGAM,DIST GANDHINAGARGANDHINAGAR553GJ",01 June 1998,"17 years, 11 month, 12 days","230,000,000","221,701,744",Yes,https://www.zaubacorp.com/company/C-M-SMITH-AND-SONS-LIMITED/U17297GJ1998PLC034205
C.P SPONGE IRON PRIVATE LIMITED,U27101WB2002PTC094209,Active,info@chawlaonline.com,"RATURIA, ANGADPURDURGAPUR BURDWAN",08 February 2002,"14 years, 3 month, 5 days","60,000,000","51,432,500",Yes,https://www.zaubacorp.com/company/C-P-SPONGE-IRON-PRIVATE-LIMITED/U27101WB2002PTC094209
C R BROADCASTING HYDERABAD LIMITED,U93000TG2000PLC033883,Active,accounts@99tv.co,"C R BROADCASTING HYDERABAD LIMITEDSY NO 59,BESIDE RTO OFFICE,KONDAPURGACHIBOWLI618TS",20 March 2000,"16 years, 1 month, 24 days","300,000,000","123,696,400",No,Not Applicable
C&S ELECTRIC LIMITED,U31909DL1971PLC005672,Active,lalit.khanna@cselectric.co.in,"B-I, SITE-IV, SURAJPUR INDUSTRIALAREAGREATER NOIDA234UP",15 June 1971,"44 years, 10 month, 28 days","700,000,000","486,515,904",Yes,https://www.zaubacorp.com/company/C-S-ELECTRIC-LIMITED/U31909DL1971PLC005672
C.I.BUILDERS PRIVATE LIMITED,U45201MP1998PTC013216,Active,cibuilders08@gmail.com,182 ZONE IMP NAGARBHOPAL533MP,22 December 1998,"17 years, 4 month, 22 days","10,000,000","4,000,000",Yes,https://www.zaubacorp.com/company/C-I-BUILDERS-PRIVATE-LIMITED/U45201MP1998PTC013216
C.P. RE-ROLLERS LIMITED,U28112WB2001PLC093968,Active,corpservice15@gmail.com,"RATURIA , ANGADPUR INDUSTRIAL AREADURGAPUR BURDWAN",28 November 2001,"14 years, 5 month, 15 days","225,000,000","224,620,928",Yes,https://www.zaubacorp.com/company/C-P-RE-ROLLERS-LIMITED/U28112WB2001PLC093968
C R I PUMPS PRIVATE LIMITED,U29120TZ1996PTC006902,Active,amudhalakshmi.a@cripumps.com,"BLOCK NO.56,B/H JOHNSONS SCREENINDIA LTD.,KHATRAJ-KALOL ROAD,KHATRAJ553GJ",31 January 1996,"20 years, 3 month, 13 days","152,500,000","125,000,000",Yes,https://www.zaubacorp.com/company/C-R-I-PUMPS-PRIVATE-LIMITED/U29120TZ1996PTC006902
CB AGROS AND SHOPPING MALLS PRIVATE LIMITED,U01119AP2004PTC043288,Active,cbasmpl@gmail.com,"D.NO. RS NO.392/A,MAIN RAODAMALAPURAM626AP",20 May 2004,"11 years, 11 month, 24 days","100,000,000","58,163,140",No,Not Applicable
CBH PUBLISHERS DISTRIBUTORS PRIVATE LIMITED,U22110TN2004PTC053471,Strike off,np_manohar@yahoo.co.in,"CBS PUBLISHERS & DISTRIBUTORS PBHURUK PRESTIGE, SR. NO.52/12/2/1/32,NARHE KATRAJ DEHE RD PUNE601MH",14 June 2004,"11 years, 10 month, 29 days","1,000,000","100,000",No,Not Applicable
CBS TECHNOLOGIES PRIVATE LIMITED,U45201DL2003PTC119302,Active,cbsenergy@gmail.com,"H-6, SITE-V, IND. AREA,SURAJPURGR. NOIDA234UP",06 March 2003,"13 years, 2 month, 7 days","20,000,000","1,552,800",Yes,https://www.zaubacorp.com/company/CBS-TECHNOLOGIES-PRIVATE-LIMITED/U45201DL2003PTC119302
CCR LOGISTICS PRIVATE LIMITED,U60231MH2012PTC231370,Active,ccrngp@gmail.com,"101, USHA COMPLEX 345KINGSWAYNAGPUR585MH",23 May 2012,"3 years, 11 month, 21 days","40,000,000","40,000,000",Yes,https://www.zaubacorp.com/company/CCR-LOGISTICS-PRIVATE-LIMITED/U60231MH2012PTC231370
CCS INFOTECH LIMITED,L72300TN1997PLC039682,Active,info@ccsinfotech.com,"FLAT NO 7 III FLOOR CCS TOWERS14 PERIYAR ROAD, T NAGARCHENNAI685TN",29 December 1997,"18 years, 4 month, 15 days","510,000,000","100,450,000",Yes,https://www.zaubacorp.com/company/CCS-INFOTECH-LIMITED/L72300TN1997PLC039682
CDE ASIA LIMITED,U29230WB2000PTC118249,Active,ajain@cdeasia.com,"DHULAGARH INDUSTRIAL PARK (NH-6)PO-DHULAGARH,PS-SANKRAIL HOWRAH",16 March 2000,"16 years, 1 month, 28 days","40,000,000","36,640,000",Yes,https://www.zaubacorp.com/company/CDE-ASIA-LIMITED/U29230WB2000PTC118249
CHL CARDIAC CARE PRIVATE LIMITED,U85110MP2008PTC020690,Active,info@chlhospitals.com,142 PHADNIS COLONY A B ROADLIG TRIANGLEINDORE527MP,12 May 2008,"8 years, 0 month, 1 days","75,000,000","68,100,000",No,Not Applicable
CHW FORGE PRIVATE LIMITED,U27310UP1970PTC057609,Active,chw@chwforge.com,NEAR HAPUR ROAD FLYOVERMALIWERAGHAZIABAD233UP,17 November 1970,"45 years, 5 month, 26 days","71,500,000","35,482,800",Yes,https://www.zaubacorp.com/company/CHW-FORGE-PRIVATE-LIMITED/U27310UP1970PTC057609
C I 2 JEWELLERY PRIVATE LIMITED,U27205MH2006PTC163558,Active,info@ci2jewels.com,PLOT NO-GJ-5 SEEPZ SEZANDHERI(E)MUMBAI598MH,04 August 2006,"9 years, 9 month, 9 days","50,000,000","12,500,000",No,Not Applicable
CICB-CHEMICON PRIVATE LIMITED,U74140KA1979PTC003456,Active,finance@cicb-chemicon.com,"132,BAIKAMPADY INDUSTRIAL AREAMANGALOREMANGALORE660KN",31 January 1979,"37 years, 3 month, 13 days","50,000,000","43,962,700",Yes,https://www.zaubacorp.com/company/CICB-CHEMICON-PRIVATE-LIMITED/U74140KA1979PTC003456
CICON ENGINEERS PRIVATE LIMITED,U85110KA1997PTC022047,Active,cicon@usa.net,"33, I FLOOR, PATALAMMA TEMPLE STRETNEAR SOUTH END CIRCLE,BASAVANAGUDI,BANGALOREBANGALOREKN",31 March 1997,"19 years, 1 month, 13 days","50,000,000","42,355,000",No,Not Applicable
CIM TOOLS PRIVATE LIMITED,U29199KA1997PTC021886,Active,cim.director@cimtoolsindia.com,PLOT NO 467-469 SITE NO 1D 12TH CRSIV PHASE PEENYA INDUSTIRAL AREABANGALORE656KN,28 February 1997,"19 years, 2 month, 13 days","65,000,000","55,000,000",Yes,https://www.zaubacorp.com/company/CIM-TOOLS-PRIVATE-LIMITED/U29199KA1997PTC021886
CIMS HOSPITAL PRIVATE LIMITED,U85110GJ2001PTC039962,Active,company.secretary@cimshospital.org,"OPP. SHUKAN MALLSCIENCE CITY TOAD,SOLAAHMEDABAD554GJ",04 September 2001,"14 years, 8 month, 9 days","100,000,000","82,378,816",Yes,https://www.zaubacorp.com/company/CIMS-HOSPITAL-PRIVATE-LIMITED/U85110GJ2001PTC039962
CIPSA TEC INDIA PRIVATE LIMITED,U30007KA2005PTC037765,Active,prolegalindia@gmail.com,PLOT NO 7 AND 8 HIREHALLI INDL AREAHIREHALLITUMKUR654KN,25 November 2005,"10 years, 5 month, 18 days","410,000,000","387,730,176",No,Not Applicable
CIS BUREAUS FACILITY SERVICES PRIVATE LIMITED,U93000MH2004PTC147397,Active,PM.ASSOCIATES@HOTMAIL.COM,7 STYA NIKETAN IST FLOORMOTI BAGH 2NEW DELHI181DL,09 July 2004,"11 years, 10 month, 4 days","50,000,000","50,000,000",No,Not Applicable
CMI FPE LIMITED,L99999MH1986PLC039921,Active,akash.ohri@cmifpe.com,"A-84, 2/3,MIDC, TALOJA INDL. AREA,TALOJA600MH",28 May 1986,"29 years, 11 month, 16 days","100,000,000","49,378,000",No,Not Applicable
CMI INDUSTRY AUTOMATION PRIVATE LIMITED,U29223MH1997PTC111815,Active,haresh.vala@cmifpe.com,"RAMDEV PLAZA, INDL GALA NO 2/501/502, NR HP PETROL PUMP, KASHIGAONMIRA597MH",10 November 1997,"18 years, 6 month, 3 days","10,000,000","4,006,000",No,Not Applicable
CMJ BREWERIES PRIVATE LIMITED,U51220ML2007PTC008289,Active,cmjgroup1@gmail.com,"CMJ HOUSE, FERNDALE COMPLEX,BLOCK-III, KEATING ROADSHILLONG390MG",12 November 2007,"8 years, 6 month, 1 days","1,050,000,000","1,000,327,300",Yes,https://www.zaubacorp.com/company/CMJ-BREWERIES-PRIVATE-LIMITED/U51220ML2007PTC008289
CMM TRADELINKS PRIVATE LIMITED,U51397GA2007PTC005380,Active,auditor@cmmgroup.in,"2ND FLOOR, CMM BLDG RUA DE OVEMPANAJI GOATISWADI665GA",11 July 2007,"8 years, 10 month, 2 days","50,000,000","42,000,000",No,Not Applicable
CMRGS INFRASTRUCTURE PROJECTS LIMITED,U45201OR2010PLC011721,Active,cmrgsinfra@gmail.com,"PLOT NO.128,DHARAM VIHAR,KHANDAGIRI,BHBANESWAR471OR",11 March 2010,"6 years, 2 month, 2 days","18,000,000","11,400,000",No,Not Applicable
CPC DIAGNOSTICS PRIVATE LIMITED,U52599TN1991PTC021095,Active,ramesh@cpcdiagnostics.in,"9,5-TH FLOOR,GOKUL TOWER9410,C P RAMASWAMY ROADCHENNAI685TN",10 July 1991,"24 years, 10 month, 3 days","30,000,000","29,986,000",Yes,https://www.zaubacorp.com/company/CPC-DIAGNOSTICS-PRIVATE-LIMITED/U52599TN1991PTC021095
CRR TELECOM PRIVATE LIMITED,U64200WB2009PTC135568,Active,shyams.parlar2007@gmail.com,VI+PO-DUILLYA 432WB,02 June 2009,"6 years, 11 month, 11 days","50,000,000","19,743,060",No,Not Applicable
CS AEROTHERM PRIVATE LIMITED,U31909KA1987PTC008470,Active,csaerotherm@gmail.com,"7PLOT NO.143-H,BOMMASANDRA INDUSTRIAL AREABANGALORE656KN",07 July 1987,"28 years, 10 month, 6 days","5,000,000","4,388,000",No,Not Applicable
CS COMPONENTS PRIVATE LIMITED,U74210MH2001PTC132527,Active,govind@cscomponents.in,"146 TOY CITY, MAHILA UDYAMI PARK-IIECOTECH-IIIGREATER NOIDA234UP",28 June 2001,"14 years, 10 month, 15 days","10,000,000","4,800,000",Yes,https://www.zaubacorp.com/company/CS-COMPONENTS-PRIVATE-LIMITED/U74210MH2001PTC132527
CT RAMANATHAN INFRASTRUCTURE PRIVATE LIMITED,U45200TN2008PTC066297,Active,csakjain@rediffmail.com,62-B ORMES ROADKILPAUKCHENNAI685TN,04 February 2008,"8 years, 3 month, 9 days","150,000,000","100,000,000",Yes,https://www.zaubacorp.com/company/CT-RAMANATHAN-INFRASTRUCTURE-PRIVATE-LIMITED/U45200TN2008PTC066297
CTC MALL TRADEX PRIVATE LIMITED,U70101DL2000PTC104007,Active,sachdevakk@hotmail.com,"3, NAJAFGARH ROADMOTI NAGARNEW DELHI181DL",25 February 2000,"16 years, 2 month, 17 days","70,000,000","68,335,296",Yes,https://www.zaubacorp.com/company/CTC-MALL-TRADEX-PRIVATE-LIMITED/U70101DL2000PTC104007
CTM TECHNICAL TEXTILES LIMITED,U17121GJ2006PLC049014,Active,nihariimpex@gmail.com,"OPP.UDAY COTTON, IRANA ROAD,BUDUSANA ,KADI ,MEHSANA.551GJ",05 September 2006,"9 years, 8 month, 8 days","17,500,000","15,000,000",No,Not Applicable
CTS INDUSTRIES LIMITED,U24117WB2003PLC111345,Active,ctsinds@gmail.com,"B-9 & C-36, UPSIDCSIKANDRABADBULANDSHAR235UP",09 May 2003,"13 years, 0 month, 4 days","70,000,000","59,528,480",Yes,https://www.zaubacorp.com/company/CTS-INDUSTRIES-LIMITED/U24117WB2003PLC111345
CACHE FURNITURES LIMITED,U20220TG2008PLC056976,Active,cachefurniture@hotmail.com,3-1-215 TO 220/1-3SOMASUNDARAM STREETSECUNDERABAD617TS,04 January 2008,"8 years, 4 month, 9 days","105,000,000","103,000,000",No,Not Applicable
CALCO POLY TECHNIK PRIVATE LIMITED,U25190DL2010PTC199040,Active,contact@calco.in,"PLOT NO-78,PH-4,HSIIDC,KUNDLIDISTT. SONIPATSONIPATSONEPATHR",12 February 2010,"6 years, 3 month, 1 days","15,000,000","10,902,000",No,Not Applicable
CALCOM CEMENT INDIA LIMITED,U26942AS2004PLC007538,Active,dedhwal.rita@dalmiabharat.com,JAMUNANAGARUMRANGSHUUMRANGSU412AS,20 September 2004,"11 years, 7 month, 23 days","15,000,000,500","4,087,864,830",Yes,https://www.zaubacorp.com/company/CALCOM-CEMENT-INDIA-LIMITED/U26942AS2004PLC007538
CALIBRE CHEMICALS PRIVATE LIMITED,U24100MH1983PTC031128,Active,mail@calibrechem.com,"903, GIDC , SARIGAMUMBERGAONSARIGAM572GJ",20 October 1983,"32 years, 6 month, 24 days","100,000,000","99,815,504",Yes,https://www.zaubacorp.com/company/CALIBRE-CHEMICALS-PRIVATE-LIMITED/U24100MH1983PTC031128
CALICA RESOURCES PRIVATE LIMITED,U51900GJ2011PTC066405,Active,accounts@guargum.com,"BLOCK NO.395, ASGWAMEGH INDUSTRIALESTATE,SARKEJ BAVLA HIWAY,CHANGODARSANAND554GJ",19 July 2011,"4 years, 9 month, 25 days","10,000,000","9,950,000",No,Not Applicable
CALSTAR SPONGE LIMITED,U27102WB2004PLC097962,Active,jalanrajesh@hotmail.com,BAMUNARA INDUSTRIAL AREABAMUNARADURGAPURBURDWAN,01 March 2004,"12 years, 2 month, 12 days","50,000,000","38,375,752",Yes,https://www.zaubacorp.com/company/CALSTAR-SPONGE-LIMITED/U27102WB2004PLC097962
CALZINI FASHIONS LIMITED,U74994DL2007PLC164774,Active,aayush@indiasocks.com,A-79SEC-63NOIDA234UP,14 June 2007,"8 years, 10 month, 29 days","25,000,000","22,575,000",Yes,https://www.zaubacorp.com/company/CALZINI-FASHIONS-LIMITED/U74994DL2007PLC164774
CAMBATA AVIATION PRIVATE LIMITED,U63013DL1954PTC238906,Active,bkumar@cambataavia.com,IGI AIRPORT TERMINAL-IILINE MAINTENANCE BLOCK -ANEW DELHI186DL,17 February 1954,"62 years, 2 month, 24 days","310,000,000","300,915,008",Yes,https://www.zaubacorp.com/company/CAMBATA-AVIATION-PRIVATE-LIMITED/U63013DL1954PTC238906
CAMLIN FINE SCIENCES LIMITED,L74100MH1993PLC075361,Active,yogesh.chikhale@camlinfs.com,"PLOT NO F/11 & F/12, WICELOPP SEEPZ MAIN GATE,ANDHERI (E)599MH",30 November 1993,"22 years, 5 month, 13 days","150,000,000","96,665,832",Yes,https://www.zaubacorp.com/company/CAMLIN-FINE-SCIENCES-LIMITED/L74100MH1993PLC075361
CANAAN ENGINEERING PRIVATE LIMITED,U28900MH2005PTC152357,Active,amit@canaanengineering.in,"CANNAN COMPLEX, NR. TRIVENI NAGAR,MALAD - EAST, MUMBAIMUMBAIMAHARASHTRA",01 April 2005,"11 years, 1 month, 12 days","50,000,000","37,692,312",Yes,https://www.zaubacorp.com/company/CANAAN-ENGINEERING-PRIVATE-LIMITED/U28900MH2005PTC152357
CANARA JEWEL TEX PRIVATE LIMITED,U36911KA2006PTC038274,Active,fairoz.thota@rediffmail.com,WEDDING PALACENEAR CITY BUS STANDUDUPI652KN,19 January 2006,"10 years, 3 month, 25 days","50,000,000","100,000",No,Not Applicable
CANARA LIGHTING INDUSTRIES PRIVATE LIMITED,U99999KA1985PTC062109,Active,roc@kgacharya.com,"BATA COMPOUND, POKHRAN ROAD NO.1,KHOPATTHANE597MH",29 October 1985,"30 years, 6 month, 15 days","22,500,000","15,542,500",Yes,https://www.zaubacorp.com/company/CANARA-LIGHTING-INDUSTRIES-PRIVATE-LIMITED/U99999KA1985PTC062109
CANARA OVERSEAS LIMITED,U51219KA2002PLC031126,Active,drlng1964@gmail.com,ASWATHA PURAMKALLUR MDLKURNOOL DT633AP,17 October 2002,"13 years, 6 month, 27 days","50,000,000","44,005,300",Yes,https://www.zaubacorp.com/company/CANARA-OVERSEAS-LIMITED/U51219KA2002PLC031126
CANARA TRADERS & PRINTERS PRIVATE LIMITED,U22219TN1995PTC033631,Active,accounts@canaragroup.com,"TYPE-II,33 VSI ESTATETIRUVANMIYURCHENNAI685TN",24 November 1995,"20 years, 5 month, 19 days","85,000,000","31,170,000",Yes,https://www.zaubacorp.com/company/CANARA-TRADERS-PRINTERS-PRIVATE-LIMITED/U22219TN1995PTC033631
CANBANK FACTORS LIMITED,U85110KA1991PLC011960,Active,canfact.bgl@canbankfactors.com,"NO 17, 1ST FLOOR, SESHADRI ROADBANGALOREBANGALOREBANGALOREKN",10 May 1991,"25 years, 0 month, 3 days","1,000,000,000","200,000,000",Yes,https://www.zaubacorp.com/company/CANBANK-FACTORS-LIMITED/U85110KA1991PLC011960
CANDY SPIRITS PRIVATE LIMITED,U15510MH2005PTC150702,Active,accounts@candywines.com,"2, JAYALAXMI IND. PREMISES CO-OP SOC. LTD., KHETANI ESTATE, BAZAR WORDKURLA WEST598MH",18 January 2005,"11 years, 3 month, 26 days","10,000,000","9,500,000",No,Not Applicable
CANOPY ESTATES PRIVATE LIMITED,U70102KA2005PTC038035,Active,yasir@canopy.in,CANOPY HOUSE 969 5A CROSSHRBR IST BLOCK KALYAN NAGARBANGALORE656KN,23 December 2005,"10 years, 4 month, 21 days","50,000,000","10,000,000",No,Not Applicable
CANTER ENGINEERS PRIVATE LIMITED,U28900MH2004PTC148304,Active,eknath@cantergroup.com,301-303 3RD FLOOR PURANIKCAPITOL OPP HYPERCITYKASARWADAVLI597MH,31 August 2004,"11 years, 8 month, 13 days","12,500,000","12,500,000",Yes,https://www.zaubacorp.com/company/CANTER-ENGINEERS-PRIVATE-LIMITED/U28900MH2004PTC148304
CAP SEAFOODS PRIVATE LIMITED,U15125KL2004PTC016933,Active,company@abad.in,A DIVN.OF ABAD FISHERIES1/71.VYPEEN PO.AZHEEKKALKOCHI676KL,09 March 2004,"12 years, 2 month, 4 days","25,000,000","24,476,400",No,Not Applicable
CAPACIT'E ENGINEERING PRIVATE LIMITED,U45400DL2012PTC231428,Active,cscapacite@gmail.com,"A-503, SOMDUTT CHAMBER-I5-BHIKAJI CAMA PLACENEW DELHI181DL",13 February 2012,"4 years, 3 month, 0 days","30,000,000","21,000,000",No,Not Applicable
CAPARO FINANCIAL SOLUTIONS LIMITED,U65910DL1994PLC057109,Active,shweta.awasthi@caparo.co.in,"101-104, NAVRANG HOUSE21, K.G. MARGNEW DELHI181DL",27 January 1994,"22 years, 3 month, 17 days","600,000,000","449,670,560",No,Not Applicable
CAPITAL AGRO EXPORT PRIVATE LIMITED,U51226PB1998PTC021375,Active,psahuja111@gmail.com,TARN TARANTARN TARANTARN TARAN791PB,08 May 1998,"18 years, 0 month, 5 days","9,000,000","9,000,000",Yes,https://www.zaubacorp.com/company/CAPITAL-AGRO-EXPORT-PRIVATE-LIMITED/U51226PB1998PTC021375
CAPITAL ELECTECH PRIVATE LIMITED,U31200DL2005PTC139726,Active,capital109@gmail.com,B-163SWARANJAYANTI PURAMGHAZIABAD231UP,17 August 2005,"10 years, 8 month, 27 days","5,000,000","1,499,000",Yes,https://www.zaubacorp.com/company/CAPITAL-ELECTECH-PRIVATE-LIMITED/U31200DL2005PTC139726
CAPITAL IMPEX PRIVATE LIMITED,U51909DL1993PTC052272,Active,cipl.india@yahoo.com,"C 91/9, WAZIRPUR INDS.AREA DELHI181DL",23 February 1993,"23 years, 2 month, 18 days","40,000,000","38,000,000",No,Not Applicable
CAPITAL METERS LIMITED,U31200DL1985PLC021872,Active,capital@capitalpowers.com,"A-17,SECTOR-09,NOIDA NOIDA234UP",26 August 1985,"30 years, 8 month, 18 days","50,000,000","40,350,000",No,Not Applicable
RJ Capital Overseas Private Limited,U93000MH2012PTC227878,Active,rjgroup@hotmail.com,VILL.PIDDITARN TARANTARN TARAN791PB,09 March 2012,"4 years, 2 month, 4 days","20,000,000","10,000,000",No,Not Applicable
CAPITAL POWER INFRASTRUCTURE LIMITED,U29220DL2008PLC172297,Active,capital@capitalpowers.com,DHARAM PURI NALA PAR FAFRANAMODI NAGARMODI NAGAR233UP,04 January 2008,"8 years, 4 month, 9 days","140,000,000","120,000,000",No,Not Applicable
CAPITAL POWER SYSTEMS LIMITED,U40105DL1988PLC033239,Active,capital@capitalpowers.com,B 40SECTOR-IVNOIDA234UP,20 September 1988,"27 years, 7 month, 23 days","90,000,000","69,500,000",Yes,https://www.zaubacorp.com/company/CAPITAL-POWER-SYSTEMS-LIMITED/U40105DL1988PLC033239
CAPRICORN FOOD PRODUCTS INDIA LIMITED,U15499TN1998PLC041231,Active,accts@capricorngroup.com,PALGUNTASATYAVEDU MANDALCHITTOOR DISTCHITTOOR,08 October 1998,"17 years, 7 month, 5 days","300,000,000","290,000,000",Yes,https://www.zaubacorp.com/company/CAPRICORN-FOOD-PRODUCTS-INDIA-LIMITED/U15499TN1998PLC041231
CAPRICORN ISPAT UDYOG PRIVATE LIMITED,U27109WB2004PTC100085,Active,capricornispat@gmail.com,"AT NIDHIRAMPUR, PO-DURLOVPUR PS GANGAJAL GHATI, BANKURA429WB",08 October 2004,"11 years, 7 month, 5 days","30,000,000","25,630,000",No,Not Applicable
CAPRICORN OILS LIMITED,U15203WB1997PLC082728,Active,smidden@yahoo.com,ALAMGANJPO: NUTANGANJ 425WB,29 January 1997,"19 years, 3 month, 15 days","32,500,000","30,043,000",Yes,https://www.zaubacorp.com/company/CAPRICORN-OILS-LIMITED/U15203WB1997PLC082728
CAPTAIN POLYPLAST LIMITED,L25209GJ1997PLC031985,Active,csksdoffice@gmail.com,"SURVEY NO.267,PLOT NO. 10A - 118-B NATIONAL HIGHWAYSHAPAR VERAVALRAJKOT",27 March 1997,"19 years, 1 month, 17 days","110,000,000","100,757,584",Yes,https://www.zaubacorp.com/company/CAPTAIN-POLYPLAST-LIMITED/L25209GJ1997PLC031985
CAPTAIN TRACTORS PRIVATE LIMITED,U51909GJ1994PTC022141,Active,info@captaintractors.com,"SURVEY NO 01/01,P NO 6PADAVLA ROADSHAPAR VERAVALRAJKOT",27 May 1994,"21 years, 11 month, 17 days","50,000,000","45,900,000",Yes,https://www.zaubacorp.com/company/CAPTAIN-TRACTORS-PRIVATE-LIMITED/U51909GJ1994PTC022141
CARBON EDGE INDUSTRIES LIMITED,U21015WB1983PLC036934,Active,accounts@carbonedgeindustries.com,"SURVEY NO. 170,ANJAR-MUNDRA ROAD,VILL-CHHASARA, VAVAR ROADTAL MUNDRA KUTCH548GJ",18 November 1983,"32 years, 5 month, 25 days","50,000,000","36,979,380",Yes,https://www.zaubacorp.com/company/CARBON-EDGE-INDUSTRIES-LIMITED/U21015WB1983PLC036934
CARBORUNDUM UNIVERSAL LIMITED,L29224TN1954PLC000318,Active,investorservices@cumi.murugappa.com,"K-3,ASHI INDUSTRIAL ESTATE, LATHERDEVA HOON, MANLOURROORKEE161UC",21 April 1954,"62 years, 0 month, 22 days","387,249,984","188,379,552",Yes,https://www.zaubacorp.com/company/CARBORUNDUM-UNIVERSAL-LIMITED/L29224TN1954PLC000318
CARDIO FITNESS (INDIA) PRIVATE LIMITED,U74899DL1995PTC067255,Active,tannu.arora@cardiofitness.com,"B-23, OKHLA INDUSTRIAL AREAPHASE-IINEW DELHI190DL",07 April 1995,"21 years, 1 month, 6 days","10,000,000","9,600,000",Yes,https://www.zaubacorp.com/company/CARDIO-FITNESS-INDIA-PRIVATE-LIMITED/U74899DL1995PTC067255
CARE CORUPACK LIMITED,U15549GJ1995PLC028116,Active,abhisheksagrawal@yahoo.co.in,"SURVEY NO 127, JALALPUR,GODHNESHWARDHOLKA, BAGODARA HIGHWAY, DHOLKAAHMEDABAD554GJ",14 November 1995,"20 years, 5 month, 29 days","20,000,000","11,018,500",Yes,https://www.zaubacorp.com/company/CARE-CORUPACK-LIMITED/U15549GJ1995PLC028116
CARE OFFICE EQUIPMENT LIMITED,U52399GJ1998PLC034605,Active,hemant@careoffice.co.in,"GF-8, ZODIAC SQUARE, BESIDESVISHAL MEGA MART, OPP. GURUDWARA,AHMEDABAD554GJ",31 August 1998,"17 years, 8 month, 13 days","50,000,000","48,730,000",Yes,https://www.zaubacorp.com/company/CARE-OFFICE-EQUIPMENT-LIMITED/U52399GJ1998PLC034605
CARGILL INDIA PRIVATE LIMITED,U51109HR2000PTC034566,Not Available for eFiling,-,"14TH FLOOR, BUILDING 9A, DLF CYBERCITY, PHASE-III,GURGAON179HR",18 October 2000,"15 years, 6 month, 26 days","900,000,000","806,597,500",No,Not Applicable
CARGO MOTORS (GUJRAT) PRIVATE LIMITED,U50100DL1985PTC022168,Active,rakesh.pandey@cargoford.com,ANIMESH C G ROADAHMEDABADAHMEDABAD554GJ,04 October 1985,"30 years, 7 month, 9 days","30,000,000","30,000,000",Yes,https://www.zaubacorp.com/company/CARGO-MOTORS-GUJRAT-PRIVATE-LIMITED/U50100DL1985PTC022168
CARGO SERVICE CENTER INDIA PRIVATE LIMITED,U63010MH1994PTC078721,Active,harish.shetty@cscindia.in,"301,303,RANGOLI,SAHAR RD,ANDHERI EMUMBAIMUMBAI598MH",02 June 1994,"21 years, 11 month, 11 days","40,000,000","38,002,180",No,Not Applicable
CARGO SOLAR POWER ( GUJARAT) PRIVATE LIMITED,U40106DL2010PTC203686,Active,upreti.m@cargomotors.co.in,CARGO HOUSE OPP GANDHI ASHRAMASHRAM ROADAHMEDABAD554GJ,05 June 2010,"5 years, 11 month, 8 days","965,000,000","240,100,000",No,Not Applicable
CORONATION AGRO INDUSTRIES LIMITED,U99999MH1989PLC051568,Active,etggrouproc@gmail.com,"38-B,PHASE I,G.I.D.C.VATVA,AHMEDABAD554GJ",02 May 1989,"27 years, 0 month, 11 days","15,000,000","5,629,220",Yes,https://www.zaubacorp.com/company/CORONATION-AGRO-INDUSTRIES-LIMITED/U99999MH1989PLC051568
CARONA INDUSTRIES PRIVATE LIMITED,U17111TZ2006PTC013308,Active,accounts@carona.in,"SF NO.133, GOBI PALAYAM ROAD,ALUKKULI POGOBICHETTIPALAYAM693TN",27 December 2006,"9 years, 4 month, 17 days","135,000,000","133,500,000",No,Not Applicable
CARRIER ENGINEERS PRIVATE LIMITED,U74210HR1995PTC032642,Active,cepltiwari@gmail.com,"2825, BLOCK-AS G M NAGAR, FARIDABADFARIDABAD180HR",25 April 1995,"21 years, 0 month, 18 days","3,000,000","2,380,000",Yes,https://www.zaubacorp.com/company/CARRIER-ENGINEERS-PRIVATE-LIMITED/U74210HR1995PTC032642
CARRIER WHEELS PRIVATE LIMITED,U29245DL2010PTC201724,Active,info@dineshaarjav.com,"KAIRANA ROOD, SHAMLISHAMLIMUZAFFAR NAGAR226UP",19 April 2010,"6 years, 0 month, 24 days","45,000,000","41,260,000",No,Not Applicable
CARZONRENT (INDIA) PRIVATE LIMITED,U71110DL2000PTC189230,Active,prachi.mittal@carzonrent.com,"RZ-A/43, MAHIPAL PUR EXT., N.H.8,NEW DELHI 181DL",18 September 2000,"15 years, 7 month, 25 days","437,260,896","421,557,024",Yes,https://www.zaubacorp.com/company/CARZONRENT-INDIA-PRIVATE-LIMITED/U71110DL2000PTC189230
CASA GRANDE PRIVATE LIMITED,U70101TN2003PTC051989,Active,venkatesh@casagrande.in,NO.10 RESERVE BANK COLONYTHIRUVANMIYURCHENNAI685TN,19 November 2003,"12 years, 5 month, 24 days","53,110,000","50,275,000",Yes,https://www.zaubacorp.com/company/CASA-GRANDE-PRIVATE-LIMITED/U70101TN2003PTC051989
CASE NEW HOLLAND CONSTRUCTION EQUIPMENT (INDIA) PRIVATE LIMITED,U29240MH1998PTC117183,Active,abhijit.gupta@cnhind.com,"157, INDUSTRIAL AREA ,SECTOR -3PITHAMPURPITHAMPUR526MP",20 November 1998,"17 years, 5 month, 23 days","300,000,000","240,100,000",Yes,https://www.zaubacorp.com/company/CASE-NEW-HOLLAND-CONSTRUCTION-EQUIPMENT-INDIA-PRIVATE-LIMITED/U29240MH1998PTC117183
CASTLE ROCK FISHERIES PRIVATE LIMITED,U05000MH1970PTC014674,Active,info@castlerock.in,BHIDLAVERAVALVERAVAL814GJ,12 June 1970,"45 years, 11 month, 1 days","15,000,000","7,324,900",Yes,https://www.zaubacorp.com/company/CASTLE-ROCK-FISHERIES-PRIVATE-LIMITED/U05000MH1970PTC014674
CAUVERY IRON AND STEEL (INDIA) LIMITED,U27109TG1991PLC012285,Active,ashokguptaa14@yahoo.com,"1-8-20/1,MINISTER RD SECUNDERABADSECUNDERABADSECUNDERABAD617TS",05 February 1991,"25 years, 3 month, 8 days","100,000,000","67,143,368",Yes,https://www.zaubacorp.com/company/CAUVERY-IRON-AND-STEEL-INDIA-LIMITED/U27109TG1991PLC012285
CAUVERY MOTORS PRIVATE LIMITED,U50101KA1994PTC016655,Active,vsgupta@magnumhonda.com,"13, 11 KM, KANAKPURA ROADBEFORE KHODAY BREWERIESBANGALOREBANGALORE",05 December 1994,"21 years, 5 month, 8 days","90,000,000","71,892,000",Yes,https://www.zaubacorp.com/company/CAUVERY-MOTORS-PRIVATE-LIMITED/U50101KA1994PTC016655
CAUVERY NEERAVARI NIGAMA LIMITED,U45205KA2003SGC032044,Active,cscnnl@gmail.com,"4TH FLOOR, COFFEE BOARD BUILDING1,DR.AMBEDKAR STREET,BANGALORE656KN",04 June 2003,"12 years, 11 month, 9 days","15,000,000,500","12,438,845",Yes,https://www.zaubacorp.com/company/CAUVERY-NEERAVARI-NIGAMA-LIMITED/U45205KA2003SGC032044
CAVINKARE PRIVATE LIMITED,U24246TN1990PTC046613,Active,ckgcompliance@gmail.com,12 CENOTAPH ROADTEYNAMPETCHENNAI685TN,22 March 1990,"26 years, 1 month, 22 days","608,499,970","262,951,008",Yes,https://www.zaubacorp.com/company/CAVINKARE-PRIVATE-LIMITED/U24246TN1990PTC046613
CEASAN GLASS PRIVATE LIMITED,U74999AP2007PTC052303,Active,ceasanglass@gmail.com,"NH5, PICHIKALA GUDI PADUKORISAPADU, MEDARA METLA MDLPICHIKALAG PADU630AP",08 January 2007,"9 years, 4 month, 5 days","100,000,000","71,000,000",No,Not Applicable
CEDAR DECOR PRIVATE LIMITED,U20200MH2004PTC149787,Active,info@durian.in,"65-A, ANKHOL PATIA,B/H. ASIAN TUBES, KADI ROAD,KADI551GJ",02 December 2004,"11 years, 5 month, 11 days","40,000,000","37,500,000",No,Not Applicable
CEEBROS HOTELS PRIVATE LIMITED,U55101TN1993PTC025037,Active,ceebros@vsnl.com,"120,ST.,MARYS ROAD,ALWARPETCHENNAI685TN",11 May 1993,"23 years, 0 month, 2 days","50,000,000","25,858,750",Yes,https://www.zaubacorp.com/company/CEEBROS-HOTELS-PRIVATE-LIMITED/U55101TN1993PTC025037
CEL PACKAGING PRIVATE LIMITED,U74900GJ2007PTC051560,Active,corporate@coreemb.com,AT - PO- RADHU-KHEDATAL- MATARKHEDA563GJ,22 August 2007,"8 years, 8 month, 22 days","30,000,000","30,000,000",Yes,https://www.zaubacorp.com/company/CEL-PACKAGING-PRIVATE-LIMITED/U74900GJ2007PTC051560
CELEBI DELHI CARGO TERMINAL MANAGEMENT INDIA PRIVATE LIMITED,U74900DL2009FTC191359,Active,ravi.bhatnagar@celebiaviation.in,R.NO CE-05 1ST FLR IMPORT BLDG-2INTERNATIONAL CARGO TERMINALIGI AIRPORT190DL,18 June 2009,"6 years, 10 month, 25 days","1,120,000,000","1,120,000,000",No,Not Applicable
CELEBI GROUND HANDLING DELHI PRIVATE LIMITED,U63090DL2009PTC196128,Active,Sudhanshu.Agrawal@celebi.in,ROOM NO-CE-01IMPORT BUILDING-2INTERNATIONAL CARGO TERMINALIGI AIRPORT NEW DELHI186DL,18 November 2009,"6 years, 5 month, 25 days","100,000,000","18,150,000",No,Not Applicable
CELEBRITY BIOPHARMA LIMITED,U24230HP2005PLC028852,Active,amarsood@aishwaryagroup.co.in,VILL.PANGA VIA JHARMAJRI HILLTOPESTATE BROTIWALABADDI125HP,23 August 2005,"10 years, 8 month, 21 days","120,000,000","120,000,000",Yes,https://www.zaubacorp.com/company/CELEBRITY-BIOPHARMA-LIMITED/U24230HP2005PLC028852
CELLO INTERNATIONAL PRIVATE LIMITED,U25209DD1991PTC001277,Active,ashim.bose@celloworld.com,"PLOT NO.720-5, SOMNATH ROAD,DAMANDAMAN575DD",21 January 1991,"25 years, 3 month, 23 days","40,000,000","20,000,000",No,Not Applicable
CELLO PENS AND STATIONERY PRIVATE LIMITED,U36991DD1998PTC002614,Active,shreyas.jain@celloworld.com,"P.NO. D/16, GIDC, RINGWADADABHEL, DAMANDAMAN575DD",12 October 1998,"17 years, 7 month, 1 days","50,000,000","50,000,000",No,Not Applicable
CEMENT INTERNATIONAL LIMITED,U26942ML2000PLC006173,Active,cs@barakcement.com,"DEVENDRA NAGAR, JHOOM BASTIP.O. BADARPURGHATBADARPUR GHAT414AS",22 May 2000,"15 years, 11 month, 22 days","10,000,000","9,927,000",No,Not Applicable
CEMENT MANUFACTURING COMPANY LIMITED,U26942ML2001PLC006663,Active,debabratathakurta@cmcl.co.in,"LUMSHNONG, PO KHLIEHRIAT KHLIEHRIAT391MG",02 November 2001,"14 years, 6 month, 11 days","600,000,000","419,213,920",Yes,https://www.zaubacorp.com/company/CEMENT-MANUFACTURING-COMPANY-LIMITED/U26942ML2001PLC006663
CENLUB INDUSTRIES LIMITED,L67120HR1992PLC035087,Active,cenlub@cenlub.in,35 DLF INDL ESTATE-1 FARIDABAD180HR,26 March 1992,"24 years, 1 month, 18 days","50,000,000","41,200,000",No,Not Applicable
CENTAUR PHARMACEUTICALS PRIVATE LIMITED,U24230MH1980PTC023291,Active,centaur@centaurlab.com,"RAM MANDIR ROAD,GOREGAON (W)MUMBAI598MH",15 October 1980,"35 years, 6 month, 29 days","200,000,000","185,065,600",Yes,https://www.zaubacorp.com/company/CENTAUR-PHARMACEUTICALS-PRIVATE-LIMITED/U24230MH1980PTC023291
CENTECH ENGINEERS PRIVATE LIMITED,U29190MH2005PTC150911,Active,clientsllp@gmail.com,"B-309 HIND S.INDL ESTATE,MAROL NAKAANDHERI KURLA ROAD,ANDHERI EASTMUMBAI598MH",01 February 2005,"11 years, 3 month, 12 days","37,000,000","35,071,640",Yes,https://www.zaubacorp.com/company/CENTECH-ENGINEERS-PRIVATE-LIMITED/U29190MH2005PTC150911
CENTENIAL SURGICAL SUTURE LIMITED,L99999MH1995PLC089759,Active,admin@centenialindia.com,RAJGIR COURT B WING 1ST FLOORKOHINOOR ROAD DADAR EAST 599MH,20 June 1995,"20 years, 10 month, 23 days","75,000,000","54,242,500",No,Not Applicable
CENTEX INTERNATIONAL PRIVATE LIMITED,U18109DL2010PTC206616,Active,ca@centexexports.com,"VILL.GOBINDGARH,ADJ.PHASE VIIFOCAL POINTLUDHIANA138PB",03 August 2010,"5 years, 9 month, 10 days","40,000,000","33,426,000",Yes,https://www.zaubacorp.com/company/CENTEX-INTERNATIONAL-PRIVATE-LIMITED/U18109DL2010PTC206616
CENTRAL CABLES LIMITED,L31300MH1981PLC023772,Active,ccl@bom3.vsnl.net.in,"5,TEMPLE ROAD,CIVIL LINESNAGPUR585MH",29 January 1981,"35 years, 3 month, 15 days","40,000,000","16,250,000",No,Not Applicable
CENTRAL INVESTIGATION AND SECURITY SERVICES LIMITED,U74920MH1985PLC035790,Active,cissaxis.cc@cissindia.co.in,"7 SATYA NIKETAN, 1ST FLOOR,MOTI BAGH - II,NEW DELHI.181DL",29 March 1985,"31 years, 1 month, 15 days","11,000,000","11,000,000",No,Not Applicable
CENTRAL U.P. GAS LIMITED,U40200UP2005PLC029538,Active,dbhasin@cugl.co.in,"7TH FLOOR UPSIDC BUILDINGA 1/4 LAKHANPURA-1/4, LAKHANPUR, VIKAS NAGAR258UP",25 February 2005,"11 years, 2 month, 16 days","600,000,000","600,000,000",No,Not Applicable
CENTRODORSTROY (INDIA) PRIVATE LIMITED,U45203DL2004PTC126630,Active,finance@cdsipl.com,"B-94,OKHLA INDL AREAPH IINEW DELHI190DL",28 May 2004,"11 years, 11 month, 16 days","250,000,000","211,000,000",Yes,https://www.zaubacorp.com/company/CENTRODORSTROY-INDIA-PRIVATE-LIMITED/U45203DL2004PTC126630
CENTUARY FIBRE PLATES PRIVATE LIMITED,U25207TG1986PTC006389,Active,HYD2_CENTUARY@SANCHARNET.IN,"IDA,BOLLARAM.JINNARAM(M)MEDAK DISTRICT616TS",17 April 1986,"30 years, 0 month, 26 days","32,400,000","2,425,500",Yes,https://www.zaubacorp.com/company/CENTUARY-FIBRE-PLATES-PRIVATE-LIMITED/U25207TG1986PTC006389
CENTUM ELECTRONICS LIMITED,L85110KA1993PLC013869,Active,ramua@centumelectronics.com,"44, K H B INDUSTRIAL AREAYELAHANKA NEW TOWNSHIPBANGALORE656KN",08 January 1993,"23 years, 4 month, 5 days","155,000,000","126,609,184",Yes,https://www.zaubacorp.com/company/CENTUM-ELECTRONICS-LIMITED/L85110KA1993PLC013869
CENTUM INDUSTRIES PRIVATE LIMITED,U31909KA2003PTC032176,Active,grajesh@centumelectronics.com,"NO. 23, KHB LIGHT INDUSTRIAL AREAYELAHANKA NEW TOWN,BANGALOREBANGALOREKN",27 June 2003,"12 years, 10 month, 16 days","10,000,000","10,000,000",No,Not Applicable
CENTUM RAKON INDIA PRIVATE LIMITED,U32109KA2007PTC044692,Active,ramua@centumelectronics.com,"NO.44,KHB INDUSTRIAL AREAYALAHANKA NEW TOWNBANGALORE656KN",17 December 2007,"8 years, 4 month, 27 days","70,000,000","56,000,000",No,Not Applicable
CENTURY ENKA LIMITED,L24304PN1965PLC139075,Active,secr@centuryenka.com,"PO BOX NO-17,BHOSARI PUNE,PO BOX NO-17,BHOSARI PUNE,PUNE601MH",17 November 1965,"50 years, 5 month, 26 days","350,000,000","218,500,000",Yes,https://www.zaubacorp.com/company/CENTURY-ENKA-LIMITED/L24304PN1965PLC139075
CENTURY FLOUR MILLS LIMITED,U15311TN1953PLC000312,Active,cfmlho@dataone.in,INDIAN CHAMBER BUILDINGI FLOORCHENNAI685TN,05 January 1953,"63 years, 4 month, 8 days","11,000,000","9,700,000",Yes,https://www.zaubacorp.com/company/CENTURY-FLOUR-MILLS-LIMITED/U15311TN1953PLC000312
CENTURY GLOBAL LOGISTICS PRIVATE LIMITED,U60231WB2011PTC161440,Active,office.sjc@gmail.com,"PLOT NO.- 424, UDYOG VIHAR-III GURGAON179HR",01 April 2011,"5 years, 1 month, 12 days","100,100,000","82,500,000",Yes,https://www.zaubacorp.com/company/CENTURY-GLOBAL-LOGISTICS-PRIVATE-LIMITED/U60231WB2011PTC161440
CENZER INDUSTRIES LIMITED,U31200GA1992PLC002357,Active,legal@cenzer.com,"67, HPSIDC IND AREABADDIBADDI125HP",07 December 1992,"23 years, 5 month, 6 days","100,000,000","90,000,000",Yes,https://www.zaubacorp.com/company/CENZER-INDUSTRIES-LIMITED/U31200GA1992PLC002357
CERA SANITARYWARE LIMITED,L26910GJ1998PLC034400,Active,nk_acharya@cera-india.com,"9,GIDC IND. ESTATE,KADIKADI551GJ",17 July 1998,"17 years, 9 month, 27 days","100,000,000","65,029,368",Yes,https://www.zaubacorp.com/company/CERA-SANITARYWARE-LIMITED/L26910GJ1998PLC034400
CERAFLUX INDIA PRIVATE LIMITED,U51909MH1995PTC090024,Active,gm@ceraflux.com,105/2 KONDHWA BUDRUK SHED NO 91SOMAJI ESTATE PUNEPUNE601MH,28 June 1995,"20 years, 10 month, 15 days","25,000,000","23,703,810",Yes,https://www.zaubacorp.com/company/CERAFLUX-INDIA-PRIVATE-LIMITED/U51909MH1995PTC090024
CESARE BONETTI INDIA PRIVATE LIMITED,U51109MH2009PTC189836,Active,bonetti.india@waaree.com,"SURVEY NO.36,39 & 42KARAMBELETALUKA- UMBERGAON572GJ",23 January 2009,"7 years, 3 month, 21 days","560,000,000","543,583,040",No,Not Applicable
CHAHAL SPINTEX LIMITED,U17299PB2007PLC030992,Active,chahalspintex@yahoo.co.in,VILL KOT SHAMIRVILL. KOT SHAMIRBATHINDA143PB,21 March 2007,"9 years, 1 month, 23 days","194,000,000","192,643,008",Yes,https://www.zaubacorp.com/company/CHAHAL-SPINTEX-LIMITED/U17299PB2007PLC030992
CHAIN-N-CHAINS JEWELS LIMITED,U36912MH2007PLC170626,Active,akhilsanghvi@gmail.com,"167-171, GAMBHIR BHAVAN NR.BANK OF INDIA, SHEIKH MEMON STREETZAVERI BAZAR599MH",07 May 2007,"9 years, 0 month, 6 days","50,000,000","11,270,250",No,Not Applicable
CHAITANYA SAI PAPER MILLS (INDIA) PRIVATE LIMITED,U21093AP2007PTC056726,Active,cspapermills@gmail.com,KOTAPPAKONDA ROADEDAVALLI VILLAGECHILAKALURIPET MANDAL629AP,18 December 2007,"8 years, 4 month, 26 days","50,000,000","49,290,000",No,Not Applicable
CHAK RADER FARM EQUIPMENTS PRIVATE LIMITED,U40300TG1995PTC022662,Active,accounts@chakraindia.com,"POTLURI HOUSE, 11-7-265HUDA COMPLEX, SAQROORNAGARHYDERABAD617TS",21 December 1995,"20 years, 4 month, 23 days","50,000,000","26,235,000",No,Not Applicable
CHAKIAT AGENCIES PRIVATE LIMITED,U51102TN1983PTC010224,Active,chakiat@md3.vsnl.net.in,STEAMER AGENTS. SUBRAMANIAN ROADP B NO.525. W/ISLAND. KOCHIW/ISLAND676KL,04 August 1983,"32 years, 9 month, 9 days","500,000","341,000",Yes,https://www.zaubacorp.com/company/CHAKIAT-AGENCIES-PRIVATE-LIMITED/U51102TN1983PTC010224
CHAKRAVARTHY FABRIC PRIVATE LIMITED,U17121TZ2013PTC019115,Active,chakravarthyfabric@gmail.com,OVIYAMPALAYAMPARAMATHY POSTPARAMATHY VELUR (TK)692TN,18 January 2013,"3 years, 3 month, 26 days","70,000,000","45,000,000",No,Not Applicable
CHALIMEDA FEEDS PRIVATE LIMITED,U65992TG1996PTC023293,Active,chalimedafeedspvtltd@yahoo.com,BOMMAKALBOMMAKALKARIMNAGAR615TS,22 February 1996,"20 years, 2 month, 20 days","200,000,000","152,500,000",Yes,https://www.zaubacorp.com/company/CHALIMEDA-FEEDS-PRIVATE-LIMITED/U65992TG1996PTC023293
CHAMAN LAL SETIA EXPORTS LIMITED,L51909PB1994PLC015083,Active,clsetia@rediffmail.com,"KAITHAL ROAD,KARNAL KARNAL167HR",21 September 1994,"21 years, 7 month, 22 days","120,000,000","94,469,680",Yes,https://www.zaubacorp.com/company/CHAMAN-LAL-SETIA-EXPORTS-LIMITED/L51909PB1994PLC015083
CHAMAN METALLICS LIMITED,U27100MH2003PLC143049,Active,investor.contact@mspsteel.com,"A-26, MIDC, TADALI GROWTH CENTRE,CHANDRAPURChandrapur589MH",10 November 2003,"12 years, 6 month, 3 days","80,000,000","77,706,304",Yes,https://www.zaubacorp.com/company/CHAMAN-METALLICS-LIMITED/U27100MH2003PLC143049
CHAMBAL FERTILISERS AND CHEMICALS LIMITED,L24124RJ1985PLC003293,Active,rajveer.singh@chambal.in,"V.P.O. RATHDHANA,SONIPAT-JATHERIROAD,SONIPATSONEPAT169HR",07 May 1985,"31 years, 0 month, 6 days","6,499,999,700","4,139,545,090",Yes,https://www.zaubacorp.com/company/CHAMBAL-FERTILISERS-AND-CHEMICALS-LIMITED/L24124RJ1985PLC003293
CHAMELIDEVI FLOUR MILLS PRIVATE LIMITED,U15311MP2007PTC020073,Active,ddkushwah@commanderfoods.com,FOOD PROCESSING PARKOPP. MARALOVERSEAS`NIMRANI528MP,06 December 2007,"8 years, 5 month, 7 days","15,000,000","13,553,000",Yes,https://www.zaubacorp.com/company/CHAMELIDEVI-FLOUR-MILLS-PRIVATE-LIMITED/U15311MP2007PTC020073
CHAMP ENERGY VENTURES PRIVATE LIMITED,U31101PN2006PTC022156,Active,sunil_adhiya@vsnl.net,"PLOT NO.7, GAT NO.399/1-2-3 BVILL-BHARE, TAL-MULSHIPUNE601MH",10 March 2006,"10 years, 2 month, 3 days","20,000,000","12,000,000",Yes,https://www.zaubacorp.com/company/CHAMP-ENERGY-VENTURES-PRIVATE-LIMITED/U31101PN2006PTC022156
CHAMPA DEVI FOODS PRIVATE LIMITED,U15201HR2002PTC034872,Active,anuragchadhaandcompany@gmail.com,BALEWALLUDHIANA ROADMALERKOTLA145PB,29 April 2002,"14 years, 0 month, 14 days","10,000,000","9,900,000",Yes,https://www.zaubacorp.com/company/CHAMPA-DEVI-FOODS-PRIVATE-LIMITED/U15201HR2002PTC034872
CHAMPION AGRO LIMITED,U31909GJ1994PLC022605,Active,bhupendra@championagro.com,"SR NO 217/2, N.H 8-B,KOTDA SANGANISHAPAR VERAVAL556GJ",26 July 1994,"21 years, 9 month, 18 days","125,000,000","87,140,040",Yes,https://www.zaubacorp.com/company/CHAMPION-AGRO-LIMITED/U31909GJ1994PLC022605
CHAMPION ROLLING MILL PRIVATE LIMITED,U27100MH2004PTC144849,Active,champion_rolling@yahoo.co.in,"GUT NO 2,4,21 - 16, VILLAGE VARDHAGUT NO 2,4,21 - 16, VILLAGE VARDHATHANE597MH",04 March 2004,"12 years, 2 month, 9 days","100,000,000","67,634,000",No,Not Applicable
CHAMUNDA COTTON PRIVATE LIMITED,U17121GJ2006PTC048328,Active,chamundacottonpl@ymail.com,MAHUVA HIGHWAYTALAJATALAJA561GJ,28 May 2006,"9 years, 11 month, 16 days","22,500,000","22,000,000",Yes,https://www.zaubacorp.com/company/CHAMUNDA-COTTON-PRIVATE-LIMITED/U17121GJ2006PTC048328
CHAMUNDA ROLLING MILL PRIVATE LIMITED,U27101GJ2011PTC064632,Active,chamundarollingmillpl@yahoo.in,"SURVEY NO:31/2,SIHOR-GHANGHALI ROADVILLAGE: VADIYA, TALUKA: SIHOR,BHAVNAGAR561GJ",28 March 2011,"5 years, 1 month, 16 days","25,000,000","15,000,000",No,Not Applicable
CHAMUNDI EXTRUSIONS PRIVATE LIMITED,U25209WB2010PTC154342,Active,chamundiextrusions@gmail.com,"RANIHATI AMTA ROAD,GABBERIA HOSPITAP.S.PANCHLA,P.O.JALA BISWANATHPUR,VILL.:VYER CHAK,432WB",29 October 2010,"5 years, 6 month, 15 days","8,000,000","7,960,000",No,Not Applicable
CHANAKYA TECHNOS PRIVATE LIMITED,U45201UP2002PTC026418,Active,chanakya_technos@yahoo.com,"34,A.N.PATH,BORING ROAD,PATNA.323BH",01 January 2002,"14 years, 4 month, 12 days","15,000,000","10,000,000",No,Not Applicable
CHANDANA BROTHERS MULTI COMPLEX PRIVATE LIMITED,U55100AP2005PTC045941,Active,psnra@yahoo.com,"52-1-35, NEW RESAPUVANIPALEM,MADDILAPALEMVISAKHAPATNAM625AP",20 April 2005,"11 years, 0 month, 23 days","170,000,000","167,255,600",No,Not Applicable
CHANDANA BROTHERS SHOPPING MALL PRIVATE LIMITED,U52322AP2014PTC093604,Active,cmrhills@gmail.com,"DOOR NO.29-2-23,OPPOSITE COURT COMPLEX,VISAKHAPATNAM625AP",19 March 2014,"2 years, 1 month, 25 days","540,000,000","540,000,000",Yes,https://www.zaubacorp.com/company/CHANDANA-BROTHERS-SHOPPING-MALL-PRIVATE-LIMITED/U52322AP2014PTC093604
CHANDANA BROTHERS TEXTILES AND JEWELLERS PRIVATE LIMITED,U36999TG2004PTC042631,Active,cmrsec@gmail.com,"(CMR FAMILY SHOPPING MALL)OPP:HPO, R P ROADSECUNDERABAD617TS",11 February 2004,"12 years, 3 month, 2 days","210,000,000","180,262,432",Yes,https://www.zaubacorp.com/company/CHANDANA-BROTHERS-TEXTILES-AND-JEWELLERS-PRIVATE-LIMITED/U36999TG2004PTC042631
CHANDI CHARAN COLD STORAGE PRIVATE LIMITED,U01403WB2011PTC163123,Active,chandikamala@gmail.com,"VILL MUIDARA, PO- KOTULPUR 429WB",30 May 2011,"4 years, 11 month, 14 days","55,000,000","52,800,000",No,Not Applicable
CHANDIGARH HEALTHCARE PRIVATE LIMITED,U85110CH2011PTC033072,Active,sorav.accounts@mayohealthcare.co.in,SITE NO 1- 2SECTOR-69MOHALI790PB,28 June 2011,"4 years, 10 month, 15 days","170,000,000","100,000,000",Yes,https://www.zaubacorp.com/company/CHANDIGARH-HEALTHCARE-PRIVATE-LIMITED/U85110CH2011PTC033072
CHANDRA AUTOMOBILE INDIA PRIVATE LIMITED,U31101TZ1991PTC003309,Active,cs@chandragroup.com,651 AVANASHI ROADPAPANAICKENPALAYAMCOIMBATORE695TN,01 July 1991,"24 years, 10 month, 12 days","10,000,000","10,000,000",Yes,https://www.zaubacorp.com/company/CHANDRA-AUTOMOBILE-INDIA-PRIVATE-LIMITED/U31101TZ1991PTC003309
CHANDRA BHAGAT PHARMA PRIVATE LIMITED,U24230MH2003PTC139534,Active,bdcointimations@gmail.com,323-F BHAGAT BHAVAN DR B A ROADMATUNGAMATUNGA EAST599MH,10 March 2003,"13 years, 2 month, 3 days","5,000,000","4,180,000",Yes,https://www.zaubacorp.com/company/CHANDRA-BHAGAT-PHARMA-PRIVATE-LIMITED/U24230MH2003PTC139534
CHANDRA CASHEW IMPORTS AND EXPORTS PRIVATE LIMITED,U51909KL2008PTC023251,Active,chandracashew@gmail.com,"PACKING CENTRE, KOTTAMKARACHANDANATHOPE, KOLLAMKOLLAMKOLLAMKL",07 October 2008,"7 years, 7 month, 6 days","500,000","500,000",No,Not Applicable
CHANDRA PROTECO LIMITED,U27109WB2004PLC100708,Active,info@chandra-group.com,"139/2, ATHOLAUMEKUI ROADSILVASSADNH",14 December 2004,"11 years, 4 month, 30 days","210,000,000","150,417,200",Yes,https://www.zaubacorp.com/company/CHANDRA-PROTECO-LIMITED/U27109WB2004PLC100708
CHANDRMAULI MOTORS PRIVATE LIMITED,U50300RJ2007PTC024982,Active,SINGHAL_CA@YAHOO.CO.IN,"48-86, OLD DELHI ROADNEAR BEKHTAL KI CHOWKIALWAR197RJ",12 September 2007,"8 years, 8 month, 1 days","16,000,000","16,000,000",Yes,https://www.zaubacorp.com/company/CHANDRMAULI-MOTORS-PRIVATE-LIMITED/U50300RJ2007PTC024982
CHARAK PHARMA PRIVATE LIMITED,U24230MH2000PTC127072,Active,accounts@charak.com,"JAURSHI ROAD, PAUTI VILL.G.T. ROAD, SAMALKHA PANIPATPANIPATPANIPATHR",08 June 2000,"15 years, 11 month, 5 days","71,000,000","68,758,952",Yes,https://www.zaubacorp.com/company/CHARAK-PHARMA-PRIVATE-LIMITED/U24230MH2000PTC127072
CHARANPAADUKA INDUSTRIES PRIVATE LIMITED,U00000DL2001PTC109824,Active,airformshoes@gmail.com,"1462/63-64, MIEBAHADURGARHJHAJJAR176HR",27 February 2001,"15 years, 2 month, 14 days","30,000,000","22,008,000",Yes,https://www.zaubacorp.com/company/CHARANPAADUKA-INDUSTRIES-PRIVATE-LIMITED/U00000DL2001PTC109824
CHARCHCO ELECTRONICS (INDIA) PRIVATE LIMITED,U31103WB1992PTC056860,Active,neosa@panoramagroup.co.in,"3C, CHOWRINGHEE LANE KOLKATA433WB",27 October 1992,"23 years, 6 month, 17 days","15,000,000","9,357,220",Yes,https://www.zaubacorp.com/company/CHARCHCO-ELECTRONICS-INDIA-PRIVATE-LIMITED/U31103WB1992PTC056860
CHARIOT INTERNATIONAL PRIVATE LIMITED,U74899KA1992PTC043313,Active,finance@chariotinternational.com,97 CHUDAGONDANAHALLI VILLMALUR HOSUR MAIN ROADMALUR655KN,03 February 1992,"24 years, 3 month, 10 days","20,000,000","16,591,650",Yes,https://www.zaubacorp.com/company/CHARIOT-INTERNATIONAL-PRIVATE-LIMITED/U74899KA1992PTC043313
CHARISMA GOLDWHEELS PRIVATE LIMITED,U50403CH1998PTC021282,Active,charismachd@chd.com,PLOT NO 7 INDUSTRIAL AREAPHASE 1CHANDIGARH147CH,07 April 1998,"18 years, 1 month, 6 days","15,000,000","8,887,202",Yes,https://www.zaubacorp.com/company/CHARISMA-GOLDWHEELS-PRIVATE-LIMITED/U50403CH1998PTC021282
CHARMS CHEM PRIVATE LIMITED,U24232PN2000PTC015130,Active,charmschem@eth.net,"A-9, KURKUMBH MIDC DAUNDDAUND.PUNEPUNEMH",19 July 2000,"15 years, 9 month, 25 days","1,000,000","800,000",Yes,https://www.zaubacorp.com/company/CHARMS-CHEM-PRIVATE-LIMITED/U24232PN2000PTC015130
CHATTERJEE CLEANING ARTS SERVICES PRIVATE LIMITED,U74999WB2004PTC099225,Active,kamalesh@cleaningarts.com,"5-BAHADURSHAH ZAFFER MARG IINDFLOOR,FLAT NO 211 PRATAP BHAWA,I TONEW DELHI185DL",23 July 2004,"11 years, 9 month, 21 days","16,000,000","9,305,000",Yes,https://www.zaubacorp.com/company/CHATTERJEE-CLEANING-ARTS-SERVICES-PRIVATE-LIMITED/U74999WB2004PTC099225
CHAUDHARY CONSTRUCTION COMPANY PRIVATE LIMITED,U45400DL2012PTC246036,Active,cccmdj@gmail.com,"E-44, AZAD APARTMENT111, I P EXTNPATPARGANJ181DL",12 December 2012,"3 years, 5 month, 1 days","50,000,000","49,300,000",No,Not Applicable
CHAUDHARY INGOTS PRIVATE LIMITED,U27104UP2001PTC026354,Active,chaudharyingotspltd@rediffmail.com,VEHLNA MEERUT ROAD MUZAFFARNAGAR226UP,19 November 2001,"14 years, 5 month, 24 days","49,000,000","45,937,352",Yes,https://www.zaubacorp.com/company/CHAUDHARY-INGOTS-PRIVATE-LIMITED/U27104UP2001PTC026354
CHAUDHARY TIMBER INDUSTRIES PRIVATE LIMITED,U36100DL2007PTC161558,Active,chaudharytimbers@yahoo.co.in,SURVEY NO 6 & 7VILL VARSANATAL GANDHIDHAM548GJ,03 April 2007,"9 years, 1 month, 10 days","200,000,000","151,444,768",Yes,https://www.zaubacorp.com/company/CHAUDHARY-TIMBER-INDUSTRIES-PRIVATE-LIMITED/U36100DL2007PTC161558
CHAWLA TECHNO CONSTRUCT LIMITED,U45200DL1980PLC010421,Active,info@ctc-ltd.com,"3, LOCAL SHOPPING CENTREUDAI PARKNEW DELHI190DL",08 May 1980,"36 years, 0 month, 5 days","20,500,000","20,000,000",Yes,https://www.zaubacorp.com/company/CHAWLA-TECHNO-CONSTRUCT-LIMITED/U45200DL1980PLC010421
CHECKMATE SERVICES PRIVATE LIMITED,U74999GJ1992PTC017920,Active,accounts@checkmateservices.com,"60-61, VASHISTH PARK, PANKHA ROADOPP-HARINAGAR THANANEW DELHI190DL",30 June 1992,"23 years, 10 month, 13 days","50,000,000","50,000,000",Yes,https://www.zaubacorp.com/company/CHECKMATE-SERVICES-PRIVATE-LIMITED/U74999GJ1992PTC017920
CHEEMA BOILERS LIMITED,U29246PB1999PLC022583,Active,finance@cheemaboilers.com,VILL BANNYRAKURALIKURALI788PB,18 May 1999,"16 years, 11 month, 26 days","100,000,000","18,207,000",Yes,https://www.zaubacorp.com/company/CHEEMA-BOILERS-LIMITED/U29246PB1999PLC022583
CHEEMA PAPERS LIMITED,U21012UR1988PLC009679,Active,cheema_kashipur@yahoo.in,"PAPER BOARD DIVISIONBAZPUR ROAD, KASHIPURKASHIPUR160UC",26 May 1988,"27 years, 11 month, 18 days","73,213,752","70,320,000",Yes,https://www.zaubacorp.com/company/CHEEMA-PAPERS-LIMITED/U21012UR1988PLC009679
CHEM-PROCESS SYSTEMS PRIVATE LIMITED,U29230GJ2000PTC037990,Active,chem@chemprosys.com,15. NATRAJ INDUSTRIAL ESTATEVASNA-IVAVASANAND554GJ,12 May 2000,"16 years, 0 month, 1 days","12,500,000","11,542,820",Yes,https://www.zaubacorp.com/company/CHEM-PROCESS-SYSTEMS-PRIVATE-LIMITED/U29230GJ2000PTC037990
CHEM-EDGE INTERNATIONAL PRIVATE LIMITED,U24100GJ2009PTC057712,Active,CS@ardor-group.com,"""ARDOR HOUSE""MONDEAL BUSINESS PARK,B/S GURUDWARA,S G HIGHWAYAHMEDABAD554GJ",04 August 2009,"6 years, 9 month, 9 days","1,300,000,000","1,300,000,000",Yes,https://www.zaubacorp.com/company/CHEM-EDGE-INTERNATIONAL-PRIVATE-LIMITED/U24100GJ2009PTC057712
CHEMBOND CHEMICALS LIMITED,L24100MH1975PLC018235,Active,cs@chembondindia.com,"VILL THEDA, PO LODHIMAJRATEH NALAGARHNALAGARH125HP",22 March 1975,"41 years, 1 month, 22 days","100,000,000","66,968,940",Yes,https://www.zaubacorp.com/company/CHEMBOND-CHEMICALS-LIMITED/L24100MH1975PLC018235
CHEMBOND SOLENIS WATER TECHNOLOGIES LIMITED,U24110MH1984PLC143564,Active,cs@chembondindia.com,"CHEMBOD CENTRE, EL-71, MAHAPE,M.I.D.C.MAHAPE597MH",12 December 1984,"31 years, 5 month, 1 days","10,000,000","5,000,000",No,Not Applicable
CHEMCO PLASTIC INDUSTRIES PRIVATE LIMITED,U25209MH1996PTC096963,Active,finance@chemcogroup.com,"PLOT NO 32/33, SAVLI IND ESTATEGIDC S NO 188P - 188PSAVLI566GJ",06 February 1996,"20 years, 3 month, 7 days","71,000,000","36,493,200",Yes,https://www.zaubacorp.com/company/CHEMCO-PLASTIC-INDUSTRIES-PRIVATE-LIMITED/U25209MH1996PTC096963
CHEMETALL INDIA PRIVATE LIMITED,U28920PN1964PTC131374,Active,k.narayanswamy@chemetall.com,"NIRLON HOUSE, 254-B,DR.A.B.ROAD,WORLI.WORLI599MH",22 October 1964,"51 years, 6 month, 22 days","7,500,000","7,350,000",Yes,https://www.zaubacorp.com/company/CHEMETALL-INDIA-PRIVATE-LIMITED/U28920PN1964PTC131374
CHEMFAB ALKALIS LIMITED,L24297TN1983PLC072409,Active,chemfabalkalis@drraoholdings.com,KALAPETPONDICHERRYPONDICHERRY714PN,16 June 1983,"32 years, 10 month, 27 days","211,400,000","45,858,484",Yes,https://www.zaubacorp.com/company/CHEMFAB-ALKALIS-LIMITED/L24297TN1983PLC072409
CHEMICAL PROCESS PIPING PRIVATE LIMITED,U25206MH2004PTC149230,Active,sales@cppiping.com,BLOCK NO. 126/128VILL - VADSALAVADODARA566GJ,25 October 2004,"11 years, 6 month, 19 days","50,000,000","9,900,000",Yes,https://www.zaubacorp.com/company/CHEMICAL-PROCESS-PIPING-PRIVATE-LIMITED/U25206MH2004PTC149230
CHEMCON SPECIALITY CHEMICALS PRIVATE LIMITED,U24231GJ1988PTC011652,Active,kaggarwal@cscpl.com,B NO 355 KUMPAD ROADVILLAGE MANJUSAR TAL SAVLIMANJUSAR566GJ,15 December 1988,"27 years, 4 month, 29 days","80,000,000","79,444,400",No,Not Applicable
CHEMIZOL ADDITIVES PRIVATE LIMITED,U24240KA2007PTC043855,Active,cs@chemizol.com,"NO.3,17TH CROSS,K.R.ROAD INDL LAYOUBANASHANKARI 2ND STAGEBANGALORE656KN",13 September 2007,"8 years, 8 month, 0 days","150,000,000","115,749,856",No,Not Applicable
CHEMLINE INDIA LIMITED,U24200DL1993PLC052378,Active,mail.bsc@gmail.com,"F-1,2,3, SARDA CHAMBER ICENTRAL MARKET ROHININEW DELHI181DL",03 March 1993,"23 years, 2 month, 10 days","5,000,000","4,469,900",Yes,https://www.zaubacorp.com/company/CHEMLINE-INDIA-LIMITED/U24200DL1993PLC052378
CHEMSPEC CHEMICALS PRIVATE LIMITED,U24114MH1975PTC018665,Active,kalish.mishra@chemspec.co.in,"PLOT NO.3-C,TALOJA-MIDC,TALUKA PANVEL,DIST RAIGADRAIGAD600MH",15 November 1975,"40 years, 5 month, 28 days","10,000,000","4,471,000",Yes,https://www.zaubacorp.com/company/CHEMSPEC-CHEMICALS-PRIVATE-LIMITED/U24114MH1975PTC018665
CHENAB IMPEX PRIVATE LIMITED,U51900MH1991PTC061497,Active,nmohan1951@gmail.com,"J-1A,ANSA IND.ESTATE,SAKI VIHARROAD,SAKINAKA,ANDHERI ,EASTMUMBAI598MH",03 May 1991,"25 years, 0 month, 10 days","2,000,000","2,000,000",No,Not Applicable
CHENNAI AUTO AGENCY PRIVATE LIMITED,U52599TN1997PTC037943,Active,sss@vstmotors.com,"144,ANNA SALAICHENNAICHENNAI685TN",10 April 1997,"19 years, 1 month, 3 days","9,000,000","8,005,000",Yes,https://www.zaubacorp.com/company/CHENNAI-AUTO-AGENCY-PRIVATE-LIMITED/U52599TN1997PTC037943
CHENNAI CNC SERVOTRONICS PRIVATE LIMITED,U01403TN2006PTC061416,Active,subbacnc@yahoo.co.in,"NO 4 KAMARAJ SALAI,GOPAL NAICKER NAGAR, PADICHENNAI685TN",31 October 2006,"9 years, 6 month, 13 days","13,500,000","13,500,000",Yes,https://www.zaubacorp.com/company/CHENNAI-CNC-SERVOTRONICS-PRIVATE-LIMITED/U01403TN2006PTC061416
CHENNAI CITI CENTRE HOLDINGS PRIVATE LIMITED,U74999TN1998PTC039997,Active,uthuman@chennaiciticentre.in,10-11 DR RADHAKRISHNAN SALAIMYLAPORECHENNAI685TN,26 February 1998,"18 years, 2 month, 15 days","550,000,000","548,899,970",Yes,https://www.zaubacorp.com/company/CHENNAI-CITI-CENTRE-HOLDINGS-PRIVATE-LIMITED/U74999TN1998PTC039997
CHENNAI MICRO PRINT PRIVATE LIMITED,U22190TN1999PTC041676,Active,admin@microprint.com,"130,NELSON MANICKAM ROAD,AMINJIKARAICHENNAI685TN",01 January 1999,"17 years, 4 month, 12 days","20,000,000","19,970,000",Yes,https://www.zaubacorp.com/company/CHENNAI-MICRO-PRINT-PRIVATE-LIMITED/U22190TN1999PTC041676
CHENNAI PETROLEUM CORPORATION LIMITED,L40101TN1965GOI005389,Active,sld@cpcl.co.in,"REFINERY HOUSE,MANALI,CHENNAI685TN",30 December 1965,"50 years, 4 month, 14 days","14,000,000,000","11,489,114,100",Yes,https://www.zaubacorp.com/company/CHENNAI-PETROLEUM-CORPORATION-LIMITED/L40101TN1965GOI005389
CHENNAI RADHA ENGINEERING WORKS PRIVATE LIMITED,U28113TN2005PTC056452,Active,hoaccounts@crewpl.com,"128, TYPE-IV, PTPS COLONYPANIPATPANIPATPANIPATHR",30 May 2005,"10 years, 11 month, 14 days","120,000,000","108,367,280",Yes,https://www.zaubacorp.com/company/CHENNAI-RADHA-ENGINEERING-WORKS-PRIVATE-LIMITED/U28113TN2005PTC056452
CHENNIAPPA YARN SPINNERS PRIVATE LIMITED,U17111TZ2005PTC011589,Active,combed@chenniappayarn.com,"SF NO:95/1,MANGARASA VALAYAPALAYAMALATHUR MEDU,AVINASHI TKTIRUPUR793TN",10 February 2005,"11 years, 3 month, 3 days","124,000,000","124,000,000",No,Not Applicable
CHERAN SPINNER PRIVATE LIMITED,U17111TZ1989PTC002487,Active,finance@cheranspinnerlimited.com,"S.F.NO:4, ANANGUR ROAD, PATHARAISOWTHAPURAM PO VEPPADAI VIAERODE693TN",21 July 1989,"26 years, 9 month, 23 days","70,000,000","69,183,000",Yes,https://www.zaubacorp.com/company/CHERAN-SPINNER-PRIVATE-LIMITED/U17111TZ1989PTC002487
CHERAN SPINNING MILLS PRIVATE LIMITED,U17111TZ1989PTC004015,Active,cheranmills@gmail.com,NAGAMPATTYVEDASANDURDINDIGUL696TN,16 November 1989,"26 years, 5 month, 27 days","18,000,000","6,802,000",Yes,https://www.zaubacorp.com/company/CHERAN-SPINNING-MILLS-PRIVATE-LIMITED/U17111TZ1989PTC004015
CHETAK ENTERPRISES LIMITED,U40104RJ2000PLC016253,Active,msmehta5@gmail.com,"CIRCUIT HOUSE ROAD,PETCH AREACHITTORGARH220RJ",28 March 2000,"16 years, 1 month, 16 days","200,000,000","165,000,000",Yes,https://www.zaubacorp.com/company/CHETAK-ENTERPRISES-LIMITED/U40104RJ2000PLC016253
CHETAN CABLETRONICS PRIVATE LIMITED,U30007DL2002PTC115030,Active,chetan_cabletronics@hotmail.com,"E-445-446,CHOPANKI IND. AREA BHIWADI197RJ",18 April 2002,"14 years, 0 month, 25 days","30,000,000","24,750,000",Yes,https://www.zaubacorp.com/company/CHETAN-CABLETRONICS-PRIVATE-LIMITED/U30007DL2002PTC115030
CHETAN INDUSTRIES LIMITED,U26941CH1995PLC017464,Active,finance@jagan.in,"PLOT NO.439/22 - 439/657, SARORAINDL. AREA, URLARAIPUR495CG",21 December 1995,"20 years, 4 month, 23 days","20,000,000","16,067,600",No,Not Applicable
CHETMANI ORNAMENTS PRIVATE LIMITED,U36911UP1991PTC013813,Active,mbgc.roc2015@gmail.com,LAHURABIR REGD OFFICE-C-K-54/31GOVINDPURAVARANASI291UP,12 December 1991,"24 years, 5 month, 1 days","18,500,000","18,050,000",No,Not Applicable
CHHABEELA ENERGY FOODS PRIVATE LIMITED,U74999PB2009PTC033009,Active,gdsinghal_1974@yahoo.co.in,150SANT LAL ROADFEROZEPUR CANTT140PB,08 July 2009,"6 years, 10 month, 5 days","325,000,000","325,000,000",Yes,https://www.zaubacorp.com/company/CHHABEELA-ENERGY-FOODS-PRIVATE-LIMITED/U74999PB2009PTC033009
CHHABRA SYNCOTEX PRIVATE LIMITED,U18101RJ1993PTC007585,Active,info@chhabragroup.in,OPP-WATER WORKSPUR ROADBHILWARA215RJ,03 August 1993,"22 years, 9 month, 10 days","70,000,000","66,020,000",No,Not Applicable
CHHAJED FOODS PRIVATE LIMITED,U45209GJ1996PTC031332,Active,contact@chhajedfoods.com,"SURAJ ESTATE,NR PLOT NO 3757,PHASE 4,GIDC VATVAAHMEDABAD554GJ",19 December 1996,"19 years, 4 month, 25 days","50,000,000","37,300,000",No,Not Applicable
CHHATTISGARH POWER AND COAL BENEFICIATION LIMITED,U40106CT2003PLC015560,Active,compliances.cpcbl@gmail.com,"PLOT NO.-60BSIRGITTI, INDUSTRIAL AREABILASPUR491CG",06 February 2003,"13 years, 3 month, 7 days","12,200,000","11,423,330",Yes,https://www.zaubacorp.com/company/CHHATTISGARH-POWER-AND-COAL-BENEFICIATION-LIMITED/U40106CT2003PLC015560
CHHATTISGARH STEEL AND POWER LIMITED,U27109CT2003PLC016284,Active,csplroc@gmail.com,"AMJHAR,CHAMPA JANJGIRCHAMPA490CG",24 December 2003,"12 years, 4 month, 20 days","700,000,000","700,000,000",Yes,https://www.zaubacorp.com/company/CHHATTISGARH-STEEL-AND-POWER-LIMITED/U27109CT2003PLC016284
CHIMANLAL FEIN PAPER PRIVATE LIMITED,U51396MH1946PTC006886,Active,cfpl.mum@chimanlalpaper.com,"40/42, BOMBAY MUTUAL BUILDING,293, DR.D.N.ROAD, FORT MUMBAI",09 November 1946,"69 years, 6 month, 4 days","5,000,000","4,900,000",Yes,https://www.zaubacorp.com/company/CHIMANLAL-FEIN-PAPER-PRIVATE-LIMITED/U51396MH1946PTC006886
CHINAR SYNTEX LIMITED,U17115HR1992PLC031791,Active,accounts@chinarsuiting.com,"13/21, I D C ,BHIWANIBHIWANI174HR",23 September 1992,"23 years, 7 month, 20 days","50,000,000","48,332,328",Yes,https://www.zaubacorp.com/company/CHINAR-SYNTEX-LIMITED/U17115HR1992PLC031791
CHINTAMANI JEWELLERS INDIA PRIVATE LIMITED,U36910MH1996PTC103313,Active,kadamnkadam@rediffmail.com,"CINTAMANIS CHOWK,TALAO PALI,THANE WESTTHANE597MH",16 October 1996,"19 years, 6 month, 28 days","3,500,000","3,500,000",Yes,https://www.zaubacorp.com/company/CHINTAMANI-JEWELLERS-INDIA-PRIVATE-LIMITED/U36910MH1996PTC103313
CHINTAMANIS JEWELLERY ARCADE PRIVATE LIMITED,U36910MH2003PTC138711,Active,chintamanis@chintamanis.com,"13/18, KOHINOOR COMPLEX, OPP.SIDDHIVINAYAK MANDIR, V.S.MARGPRABHADEVI, MUMBAI599MH",16 January 2003,"13 years, 3 month, 28 days","30,000,000","4,087,450",Yes,https://www.zaubacorp.com/company/CHINTAMANIS-JEWELLERY-ARCADE-PRIVATE-LIMITED/U36910MH2003PTC138711
CHIRAL BIO SCIENCES LIMITED,U17119TG1995PLC022582,Active,psrao.cs@gmail.com,"PLOT NO. 184 & 185 PHASE-II IDAMALLAPUR,HYDERABAD617TS",14 December 1995,"20 years, 4 month, 30 days","60,000,000","58,500,000",Yes,https://www.zaubacorp.com/company/CHIRAL-BIO-SCIENCES-LIMITED/U17119TG1995PLC022582
CHIRIPAL POLY FILMS LIMITED,U17120MH2009PLC195352,Active,dipti@chiripalgroup.com,PLOT NO 14 VRAJ INTEGRATED TEXTILEPARK N H NO 8 BIDAJKHEDA563GJ,31 August 2009,"6 years, 8 month, 13 days","150,000,000","112,015,536",Yes,https://www.zaubacorp.com/company/CHIRIPAL-POLY-FILMS-LIMITED/U17120MH2009PLC195352
CHITRA UTSAV VIDEO PRIVATE LIMITED,U74899DL1989PTC036377,Active,khanna.rk@gmail.com,"E-26,IST FLOORGREEN PARK MAINNEW DELHI190DL",24 May 1989,"26 years, 11 month, 20 days","37,000,000","27,804,250",Yes,https://www.zaubacorp.com/company/CHITRA-UTSAV-VIDEO-PRIVATE-LIMITED/U74899DL1989PTC036377
CHITTORGARH KOTA TOLLWAY PRIVATE LIMITED,U45200GJ2010PTC062758,Active,cktomtho@gmail.com,"E-178, SHRINATHPURAMKOTA DAIRY CIRCLE KE PASSKOTA221RJ",27 October 2010,"5 years, 6 month, 17 days","32,200,000","32,200,000",No,Not Applicable
CHOCOLATE HOTELS PRIVATE LIMITED,U51909WB1994PTC064443,Active,accounts@chocolatehotels.in,"226, A.J.C.BOSE ROAD, KOLKATA433WB",11 August 1994,"21 years, 9 month, 2 days","35,000,000","34,725,100",No,Not Applicable
CHOICE PRECITECH INDIA PRIVATE LIMITED,U72200TG1996PTC025963,Active,info@choiceprecitech.com,"PNO 216-217,PADMA NAGAR,PHASE 2,HMT TOWN SHIP(PO),.HYDERABAD617TS",16 December 1996,"19 years, 4 month, 28 days","25,000,000","24,308,500",No,Not Applicable
CHOICE TRADING CORPORATION PRIVATE LIMITED,U70101TN1990PTC100520,Active,arunkumar.vk@choicegroup.in,"CHOICE HOUSEP.V.SREEDHARAN ROAD, KUMBALAM POKOCHI676KL",08 June 1990,"25 years, 11 month, 5 days","150,000,000","92,000,000",Yes,https://www.zaubacorp.com/company/CHOICE-TRADING-CORPORATION-PRIVATE-LIMITED/U70101TN1990PTC100520
CHOKSEY CHEMICALS PRIVATE LIMITED,U24100MH1943PTC019661,Active,bhaumik.vyas@chokseychem.com,"PLOT NO.3-B,MIDC TALOJA,TALOJA600MH",16 November 1943,"72 years, 5 month, 27 days","12,500,000","12,500,000",Yes,https://www.zaubacorp.com/company/CHOKSEY-CHEMICALS-PRIVATE-LIMITED/U24100MH1943PTC019661
CHOLA TEXTILES PRIVATE LIMITED,U17111TZ1986PTC001762,Active,cholaspinning@gmail.com,VILUPPURAMVILLUPURAMVILLUPURAM690TN,03 April 1986,"30 years, 1 month, 10 days","15,000,000","11,802,000",Yes,https://www.zaubacorp.com/company/CHOLA-TEXTILES-PRIVATE-LIMITED/U17111TZ1986PTC001762
CHOLAMANDALAM INVESTMENT AND FINANCE COMPANY LIMITED,L65993TN1978PLC007576,Active,secretarial-roc@chola.murugappa.com,"DARE HOUSE,2,N.S.C BOSE ROAD,CHENNAICHENNAI685TN",17 August 1978,"37 years, 8 month, 27 days","7,400,000,000","1,561,178,240",Yes,https://www.zaubacorp.com/company/CHOLAMANDALAM-INVESTMENT-AND-FINANCE-COMPANY-LIMITED/L65993TN1978PLC007576
CHOPRA INDUSTRIES PRIVATE LIMITED,U00000PB2003PTC025894,Active,chopraind@gmail.com,"HB-4,PHASE-VI,FOCAL POINT,LUDHIANA138PB",31 March 2003,"13 years, 1 month, 13 days","10,000,000","4,740,000",Yes,https://www.zaubacorp.com/company/CHOPRA-INDUSTRIES-PRIVATE-LIMITED/U00000PB2003PTC025894
CHOPRA LAM PRODUCTS PRIVATE LIMITED,U21017TN2007PTC064222,Active,chopralam@yahoo.co.in,"NO.62, DURAINALLURCHINNAMPEDU,PUDHUVOYAL POSTCHENNAI685TN",12 July 2007,"8 years, 10 month, 1 days","10,000,000","10,000,000",No,Not Applicable
CHOPRA RETEC RUBBER PRODUCTS LIMITED,U19201UP1996PLC020134,Active,chopraretecindia@gmail.com,PB 544-B GANESHPUR LUCKNOW251UP,12 June 1996,"19 years, 11 month, 1 days","30,000,000","10,000,000",Yes,https://www.zaubacorp.com/company/CHOPRA-RETEC-RUBBER-PRODUCTS-LIMITED/U19201UP1996PLC020134
CHOUDHARY INTERNATIONAL PRIVATE LIMITED,U70101MH1995PTC070211,Active,cilcorp1@gmail.com,"C-257, MAYA PURI-II NEW DELHI186DL",04 August 1995,"20 years, 9 month, 9 days","10,000,000","2,475,000",No,Not Applicable
CHOUDHURY AND CHOUDHURY (INDIA) PRIVATE LIMITED,U45200MH1987PTC045633,Dormant,-,"NO.1""RAJKAMAL"" OPP.UNIVERSITYCAMPUS,CST ROAD, KALINA 598MH",21 December 1987,"28 years, 4 month, 23 days","2,500,000",0,No,Not Applicable
CHOWDARY SPINNERS LIMITED,U17111AP1994PLC017181,Active,mail@chowdaryspinners.com,"33/95,SURYALAYAM STREET,TANUKU.TANUKU627AP",10 March 1994,"22 years, 2 month, 3 days","120,000,000","100,000,000",Yes,https://www.zaubacorp.com/company/CHOWDARY-SPINNERS-LIMITED/U17111AP1994PLC017181
CHOWDHRY RUBBER & CHEMICAL PRIVATE LIMITED,U74120DL2008PTC179126,Active,fbd@crcc.in,"19/310/40, OLD ROHTAK ROAD,SHEHZADA BAGH,NEAR DAYA BASTI RAILWAY STATION182DL",05 June 2008,"7 years, 11 month, 8 days","60,000,000","46,826,340",Yes,https://www.zaubacorp.com/company/CHOWDHRY-RUBBER-CHEMICAL-PRIVATE-LIMITED/U74120DL2008PTC179126
CHRIST NISHOTECH WATER SYSTEMS PRIVATE LIMITED,U41000MH2003PTC143309,Active,huseniht@cnwater.in,"EL-89, ELECTRONICE ZONE MAHAPETTC INDUSTRIAL AREAMAHAPE597MH",27 November 2003,"12 years, 5 month, 16 days","10,000,000","9,000,000",Yes,https://www.zaubacorp.com/company/CHRIST-NISHOTECH-WATER-SYSTEMS-PRIVATE-LIMITED/U41000MH2003PTC143309
CHRISTY QUALITY FOODS (INDIA) PRIVATE LIMITED,U15490TZ2008PTC014423,Active,cqfaccounts@gmail.com,"NO.335/16A, NH-7,POLLUPALLI VILLAGEPILLANAKUPPAM POKRISHNAGIRI TK794TN",28 April 2008,"8 years, 0 month, 15 days","50,000,000","49,500,000",Yes,https://www.zaubacorp.com/company/CHRISTY-QUALITY-FOODS-INDIA-PRIVATE-LIMITED/U15490TZ2008PTC014423
CHRISTY TEXTILE PRODUCTS PRIVATE LIMITED,U17121TZ2004PTC011343,Active,textilechristy@gmail.com,"C-1,2 SIDCO INDUSTRIAL ESTATEANDIPALAYAM,TIRUCHNGODE692TN",16 September 2004,"11 years, 7 month, 27 days","20,000,000","9,930,000",No,Not Applicable
CHUR SYNTHETICS PRIVATE LIMITED,U17110MH1996PTC103857,Active,tushar.chur@gmail.com,"SONA MOTI COMPOUND, H.NO.1277,VASAIKHARBAU ROAD, ANJURPHATTA,BHIWANDITHANE597MH",08 November 1996,"19 years, 6 month, 5 days","30,000,000","30,000,000",Yes,https://www.zaubacorp.com/company/CHUR-SYNTHETICS-PRIVATE-LIMITED/U17110MH1996PTC103857
CHURIWAL TECHNOPACK PRIVATE LIMITED,U25209WB1981PTC033761,Active,NEHA@CHURIWALGROUP.COM,"PLOT NO.443 - 432,EAST GHOSHPARA RDNEAR ARYA SAMAJ SCHOOL;PO:BHATPARAPS:JAGATDAL427WB",10 June 1981,"34 years, 11 month, 3 days","10,100,000","6,910,000",No,Not Applicable
CINEOLA DIGITAL CINEMA PRIVATE LIMITED,U92100KL2010PTC027110,Active,vhcas1@gmail.com,FIRST FLOOR.MUTHOOT TECHNOPOLISCSEZ P OKAKKANADU676KL,30 November 2010,"5 years, 5 month, 13 days","12,500,000","12,185,550",No,Not Applicable
CIRCAR JUTE MILLS PRIVATE LIMITED,U17232AP1983PTC003966,Active,gaurangbhartia@hotmail.com,KODURUPADUNUZVIDNUZVID628AP,24 May 1983,"32 years, 11 month, 20 days","15,000,000","15,000,000",Yes,https://www.zaubacorp.com/company/CIRCAR-JUTE-MILLS-PRIVATE-LIMITED/U17232AP1983PTC003966
CIRCLE INFOTECH PRIVATE LIMITED,U72200MH2008PTC183349,Active,casatamsoffice@gmail.com,"415, A-WING, KAILASH INDL. COMPLEX,HIRANANDANI VIKHROLI LINK ROAD,VIKHROLI WEST, MUMBAI598MH",10 June 2008,"7 years, 11 month, 3 days","40,000,000","40,000,000",No,Not Applicable
CIRCUIT SYSTEMS (INDIA) LIMITED,L74140GJ1995PLC024524,Active,bba_201@yahoo.co.in,"B/24, GIDC ELECTRONICS ESTATE,SECTOR 25,GANDHINAGAR553GJ",08 February 1995,"21 years, 3 month, 5 days","160,000,000","138,690,160",Yes,https://www.zaubacorp.com/company/CIRCUIT-SYSTEMS-INDIA-LIMITED/L74140GJ1995PLC024524
CITY CORPORATION LIMITED,U45202PN2003PLC018435,Active,kamaljeet@amanora.com,CITY CHEMBER917/19A F.C.ROADPUNEPUNEMH,09 October 2003,"12 years, 7 month, 4 days","577,500,030","306,470,592",Yes,https://www.zaubacorp.com/company/CITY-CORPORATION-LIMITED/U45202PN2003PLC018435
CLAD METAL INDIA PRIVATE LIMITED,U31900MH2004PTC147960,Active,devendraring@gmail.com,"F 14 ,MIDC WALUJ AURANGABADAURANGABADAURANGABAD595MH",12 August 2004,"11 years, 9 month, 1 days","10,000,000","10,000,000",Yes,https://www.zaubacorp.com/company/CLAD-METAL-INDIA-PRIVATE-LIMITED/U31900MH2004PTC147960
CLARITY GOLD PRIVATE LIMITED,U36911RJ2003PTC018420,Active,ssng@vsnl.com,"C-82, STAR MANSIONSHYAM MARGJAIPUR203RJ",07 July 2003,"12 years, 10 month, 6 days","150,000,000","150,000,000",No,Not Applicable
CLARKE ENERGY INDIA PRIVATE LIMITED,U29299PN1997PTC110256,Active,vijay.kulkarni@clarke-energy.com,"SHIVKIRAN, PLOT NO-160, LANE NO.4CTS NO.632, DAHANUKAR COLONY,KOTHRUD, PUNE601MH",22 August 1997,"18 years, 8 month, 22 days","5,000,000","1,611,700",Yes,https://www.zaubacorp.com/company/CLARKE-ENERGY-INDIA-PRIVATE-LIMITED/U29299PN1997PTC110256
CLASSIC BOTTLE CAPS PRIVATE LIMITED,U25209DL2000PTC105213,Active,sanjeevseth@classiccaps.com,"E-14/B-1 EXTN M0HAN CO-OP INDLESTATE, BADARPURNEW DELHI190DL",13 April 2000,"16 years, 1 month, 0 days","25,000,000","21,349,880",Yes,https://www.zaubacorp.com/company/CLASSIC-BOTTLE-CAPS-PRIVATE-LIMITED/U25209DL2000PTC105213
CLASSIC COAL CONSTRUCTION PRIVATE LIMITED,U23100JH1998PTC008645,Active,aks_ca02@rediffmail.com,"3A, VATIKA APPARTMENT,TANK ROADRANCHIRANCHIJR",12 November 1998,"17 years, 6 month, 1 days","50,000,000","4,281,500",Yes,https://www.zaubacorp.com/company/CLASSIC-COAL-CONSTRUCTION-PRIVATE-LIMITED/U23100JH1998PTC008645
CLASSIC COTTON PRIVATE LIMITED,U17120GJ2007PTC050589,Active,rpc.mca@gmail.com,"8-B NATIONAL HIGHWAY NEAR VIRPURJALARAM, AT-GOMTA,TAL-GONDALRAJKOT556GJ",19 April 2007,"9 years, 0 month, 24 days","20,000,000","19,700,000",No,Not Applicable
CLASSIC DIAMONDS (INDIA) LIMITED,L36900MH1986PLC041541,Active,kkdlegal@gmail.com,B/H- UMIYA MATA MANDIRA.K.ROADSURAT569GJ,10 November 1986,"29 years, 6 month, 3 days","150,000,000","78,440,000",Yes,https://www.zaubacorp.com/company/CLASSIC-DIAMONDS-INDIA-LIMITED/L36900MH1986PLC041541
CLASSIC ENGICON PRIVATE LIMITED,U14290JH2007PTC012929,Active,aks_ca02@rediffmail.com,"3D, VATIKA APARTMENT,LINE TANK ROAD RANCHIRANCHIJR",03 October 2007,"8 years, 7 month, 10 days","50,000,000","36,300,000",Yes,https://www.zaubacorp.com/company/CLASSIC-ENGICON-PRIVATE-LIMITED/U14290JH2007PTC012929
CLASSIC MARBLE COMPANY PRIVATE LIMITED,U74999MH2008PTC180617,Active,amit@classicmarble.com,"15, BHANDUP VILLAGE ROAD, SUBHASHNAGAR, BHANDUP (WEST),MUMBAI598MH",28 March 2008,"8 years, 1 month, 16 days","250,000,000","250,000,000",Yes,https://www.zaubacorp.com/company/CLASSIC-MARBLE-COMPANY-PRIVATE-LIMITED/U74999MH2008PTC180617
CLASSIC MICROTECH PRIVATE LIMITED,U26999GJ2002PTC041112,Active,classic_microtech@yahoo.com,"AT - PO SONASAN ,SALAL SONASAN ROADTAL PRANTIJSONASAN552GJ",13 August 2002,"13 years, 9 month, 0 days","15,000,000","14,757,600",No,Not Applicable
CLASSIC NETWORK PRIVATE LIMITED,U45201GJ2002PTC040554,Active,info@classicnetwork.in,202 ARPAN COMPLEXKALAWAD ROADRAJKOTRAJKOT,20 March 2002,"14 years, 1 month, 24 days","50,000,000","50,000,000",Yes,https://www.zaubacorp.com/company/CLASSIC-NETWORK-PRIVATE-LIMITED/U45201GJ2002PTC040554
CLASSIC PRODUCTS PRIVATE LIMITED,U28129MH2004PTC145121,Active,accounts@classicproduct.com,"5 B, GROUND FLOOR, SARAF KESKARINDUSTRIAL ESTATE, OSHIRWARA,JOGESHWARI-W598MH",17 March 2004,"12 years, 1 month, 27 days","20,000,000","10,000,000",Yes,https://www.zaubacorp.com/company/CLASSIC-PRODUCTS-PRIVATE-LIMITED/U28129MH2004PTC145121
